METHYLCROTONYL_COA_CARBOXYLASE_RXN_m2,nan,1.0
METHYLCROTONYL_COA_CARBOXYLASE_RXN_m1,nan,1.0
H_mc1,nan,1.0
H_mc2,nan,1.0
Protein_Processing_c1,nan,1.0
Protein_Processing_c2,nan,1.0
Mg_biomass2,nan,1.0
Mg_biomass1,nan,1.0
AMP_pc1,nan,1.0
RXN_9958_NAD_m2,nan,1.0
RXN_6884_m1,nan,1.0
RXN_6884_m2,nan,1.0
pTYR_biomass2,nan,1.0
pTYR_biomass1,nan,1.0
MDA_Fd_Ascorbate_p2,nan,1.0
MDA_Fd_Ascorbate_p1,nan,1.0
2_PERIOD_3_PERIOD_1_PERIOD_23_RXN_p2,nan,1.0
2_PERIOD_3_PERIOD_1_PERIOD_23_RXN_p1,nan,1.0
RXN_6902_m1,nan,1.0
RXN_6902_m2,nan,1.0
pTHR_biomass2,nan,1.0
pTHR_biomass1,nan,1.0
ASPARAGHYD_RXN_c1,nan,1.0
ASPARAGHYD_RXN_c2,nan,1.0
2KG_SUC_mc1,nan,1.0
HIS_ORNITHINE_mc2,nan,1.0
HIS_ORNITHINE_mc1,nan,1.0
RXN_11832_m1,nan,1.0
RXN_11832_m2,nan,1.0
GLUTDECARBOX_RXN_c1,0.0066910997447004,0.9914806907775919
GLYOHMETRANS_RXN_c1,0.9126805107169629,0.030565322365082123
GLUTDECARBOX_RXN_c2,0.006691099744700465,0.9914806907775919
GLYOHMETRANS_RXN_c2,0.578309804043533,0.3070708957171275
GLUTAMINE_TRNA_LIGASE_RXN_c2,nan,1.0
GLUTAMINE_TRNA_LIGASE_RXN_c1,nan,1.0
LYS_pc2,nan,1.0
LYS_pc1,nan,1.0
FORMATETHFLIG_RXN_p1,nan,1.0
FORMATETHFLIG_RXN_p2,nan,1.0
Photon_tx1,nan,1.0
FUMARYLACETOACETASE_RXN_c2,nan,1.0
FUMARYLACETOACETASE_RXN_c1,nan,1.0
Photon_tx2,nan,1.0
Starch_biomass1,nan,1.0
ACSERLY_RXN_c2,-0.719758596177314,0.170402613265034
ACSERLY_RXN_c1,-0.13095496058141917,0.8337407669327525
Starch_biomass2,nan,1.0
TRP_PROTON_vc1,nan,1.0
RXN_9958_NAD_m1,nan,1.0
TRP_PROTON_vc2,nan,1.0
2_AMINOADIPATE_AMINOTRANSFERASE_RXN_c1,nan,1.0
2_AMINOADIPATE_AMINOTRANSFERASE_RXN_c2,nan,1.0
O2_tx1,nan,1.0
O2_tx2,nan,1.0
AMP_pc2,nan,1.0
PRPPAMIDOTRANS_RXN_p1,0.32211353218957567,0.5970792822797132
PRPPAMIDOTRANS_RXN_p2,-0.1292739019789117,0.8358629614712769
DUMP_pc2,nan,1.0
THREDEHYD_RXN_p2,nan,1.0
THREDEHYD_RXN_p1,nan,1.0
3_ISOPROPYLMALDEHYDROG_RXN_p1,-0.9107586118195852,0.03157059218152467
3_HYDROXYISOBUTYRYL_COA_HYDROLASE_RXN_m2,nan,1.0
3_HYDROXYISOBUTYRYL_COA_HYDROLASE_RXN_m1,nan,1.0
INORGPYROPHOSPHAT_RXN_p1,-0.44464275486401267,0.45311467941064487
INORGPYROPHOSPHAT_RXN_p2,-0.198973355491467,0.7483409691300689
H_pc1,nan,1.0
H_pc2,nan,1.0
RXN_9633_p1,nan,1.0
pARG_biomass1,nan,1.0
pARG_biomass2,nan,1.0
RXN_9633_p2,nan,1.0
LYS_PROTON_vc2,nan,1.0
LYS_PROTON_vc1,nan,1.0
DIHYDROXYMETVALDEHYDRAT_RXN_p1,nan,1.0
PRIBFAICARPISOM_RXN_p1,-0.7437933319845008,0.14954830898529392
sALA_biomass2,nan,1.0
sALA_biomass1,nan,1.0
RXN_1841_v1,nan,1.0
MALSYN_RXN_x2,-0.0126071350984584,0.9839485222714873
GLY_pc1,nan,1.0
GLY_pc2,nan,1.0
RXN_15130_p2,nan,1.0
RXN_15130_p1,nan,1.0
CITSYN_RXN_x1,-0.32059649002293916,0.5989083879685785
RXN_6383_x2,nan,1.0
RXN_6383_x1,nan,1.0
RIBULP3EPIM_RXN_p1,0.7674525187082998,0.12981950626034036
RIBULP3EPIM_RXN_p2,-0.9299685824753536,0.022011910255437594
ARG_pc2,nan,1.0
ARG_pc1,nan,1.0
CO2_mc1,nan,1.0
ASPAMINOTRANS_RXN_c1,0.9334274055111982,0.02041230667512324
ACONITATEHYDR_RXN_c1,-0.08228404715901493,0.8953510416573377
ACONITATEHYDR_RXN_c2,0.3073148491652568,0.6149639077184412
ASPAMINOTRANS_RXN_c2,-0.9339405471992892,0.02017834263322568
THREO_DS_ISO_CITRATE_xc2,nan,1.0
THREO_DS_ISO_CITRATE_xc1,nan,1.0
METHYLENETHFDEHYDROG_NADP_RXN_c1,0.039279043222027306,0.9500012318859423
PEPCARBOXYKIN_RXN_c1,nan,1.0
PEPCARBOXYKIN_RXN_c2,nan,1.0
RXN_9104_c1,nan,1.0
O2_xc1,nan,1.0
6PGLUCONDEHYDROG_RXN_c1,nan,1.0
PYRUVDEH_RXN_p2,nan,1.0
PYRUVDEH_RXN_p1,nan,1.0
2KG_ACONITATE_mc1,nan,1.0
MANNPGUANYLTRANGDP_RXN_c2,nan,1.0
MANNPGUANYLTRANGDP_RXN_c1,nan,1.0
2KG_ACONITATE_mc2,nan,1.0
GAP_Pi_pc1,nan,1.0
GAP_Pi_pc2,nan,1.0
sTHR_biomass1,nan,1.0
sTHR_biomass2,nan,1.0
GCVMULTI_RXN_m1,-0.7762304418969733,0.12271352365303546
ASNSYNA_RXN_c1,-0.3333457507920592,0.5835679054289687
GCVMULTI_RXN_m2,-0.7343551248820661,0.15764316895141367
1_PERIOD_10_PERIOD_2_PERIOD_2_RXN_mc2,-0.678103917197037,0.20832315504861207
1_PERIOD_10_PERIOD_2_PERIOD_2_RXN_mc1,nan,1.0
CYSPH_RXN_p1,-0.8756738433431372,0.051630711742596466
CYSPH_RXN_p2,-0.6732953766937186,0.21283645066357104
ANTHRANSYN_RXN_p2,nan,1.0
ADPREDUCT_RXN_p2,nan,1.0
ADPREDUCT_RXN_p1,nan,1.0
L_ASCORBATE_PEROXIDASE_RXN_m1,-0.4287413176285613,0.47132821671385267
L_ASCORBATE_PEROXIDASE_RXN_m2,nan,1.0
TYR_PROTON_rev_vc2,nan,1.0
TYR_PROTON_rev_vc1,nan,1.0
pGLU_biomass2,nan,1.0
pGLU_biomass1,nan,1.0
ACETYL_COA_CARBOXYLTRANSFER_RXN_p1,nan,1.0
ACETYL_COA_CARBOXYLTRANSFER_RXN_p2,-0.5823715041761701,0.30285935403850966
NADH_DEHYDROG_A_RXN_mi2,-0.9840263893460061,0.0024176596967113427
NADH_DEHYDROG_A_RXN_mi1,nan,1.0
ACSERLY_RXN_p2,0.7197585961773143,0.17040261326503378
ACSERLY_RXN_p1,-0.13095496058387998,0.8337407669296469
10_FORMYL_THF_pc1,nan,1.0
GGPP_biosynthesis_p1,nan,1.0
GGPP_biosynthesis_p2,nan,1.0
10_FORMYL_THF_pc2,nan,1.0
ADP_pc2,nan,1.0
ADP_pc1,nan,1.0
pVAL_biomass2,nan,1.0
pVAL_biomass1,nan,1.0
Mitochondrial_ATP_Synthase_m1,nan,1.0
Mitochondrial_ATP_Synthase_m2,nan,1.0
LPG_biosynthesis_c2,nan,1.0
LPG_biosynthesis_c1,nan,1.0
GART_RXN_p1,-0.35439830713536913,0.5583982149696349
GART_RXN_p2,0.07662108035563227,0.9025385508670067
MALONYL_COA_ACP_TRANSACYL_RXN_p2,nan,1.0
MALONYL_COA_ACP_TRANSACYL_RXN_p1,-0.5234590011123211,0.36534151053637126
AIRCARBOXY_RXN_p2,0.34321375384963654,0.5717443576000167
AIRCARBOXY_RXN_p1,0.026448298019361962,0.9663289074987877
THF_mc1,nan,1.0
GLUTACONYL_COA_DECARBOXYLASE_RXN_x1,nan,1.0
GLUTACONYL_COA_DECARBOXYLASE_RXN_x2,nan,1.0
THF_mc2,nan,1.0
ADENOSYLHOMOCYSTEINASE_RXN_c1,nan,1.0
ADENOSYLHOMOCYSTEINASE_RXN_c2,0.18669074397578173,0.7636860610388682
FORMATE_pc1,nan,1.0
FORMATE_pc2,nan,1.0
GLUCURONOKINASE_RXN_c1,nan,1.0
GLUCURONOKINASE_RXN_c2,nan,1.0
DUDPKIN_RXN_p1,nan,1.0
DUDPKIN_RXN_p2,nan,1.0
THR_PROTON_rev_vc2,nan,1.0
THR_PROTON_rev_vc1,nan,1.0
PEPDEPHOS_RXN_p1,nan,1.0
PEPDEPHOS_RXN_p2,0.8874805748793286,0.044535462702971984
ORNCARBAMTRANSFER_RXN_p1,-0.6512409699412455,0.23387491839112354
L_ALPHA_ALANINE_PROTON_vc1,nan,1.0
SUC_ISOCITRATE_mc2,nan,1.0
SUC_ISOCITRATE_mc1,nan,1.0
GAPOXNPHOSPHN_RXN_c1,-0.7830695212145845,0.11726064167611772
H2O_ec1,nan,1.0
RXN0_5330_NAD_mi1,0.2692130658781189,0.6614139461453915
RXN0_5330_NAD_mi2,nan,1.0
ISOCITDEH_RXN_x1,nan,1.0
ISOCITDEH_RXN_x2,nan,1.0
NH4_ec1,nan,1.0
NH4_ec2,nan,1.0
2KETO_4METHYL_PENTANOATE_DEHYDROG_RXN_m1,nan,1.0
2KETO_4METHYL_PENTANOATE_DEHYDROG_RXN_m2,nan,1.0
HOMOCYSMETB12_RXN_c1,nan,1.0
2_KETO_ADIPATE_DEHYDROG_RXN_m1,nan,1.0
1_PERIOD_2_PERIOD_1_PERIOD_9_RXN_c2,nan,1.0
1_PERIOD_2_PERIOD_1_PERIOD_9_RXN_c1,nan,1.0
GLUCOKIN_RXN_p1,nan,1.0
LEUCINE_TRNA_LIGASE_RXN_c1,nan,1.0
LEUCINE_TRNA_LIGASE_RXN_c2,nan,1.0
GLUCOKIN_RXN_p2,nan,1.0
RXN_3523_p2,nan,1.0
RXN_3523_p1,nan,1.0
RXN_9549_p1,-0.535309471273394,0.3525408513722288
RXN_9549_p2,0.6551422614370425,0.23011373878176197
GLYCINE_TRNA_LIGASE_RXN_c1,nan,1.0
CHORISMATEMUT_RXN_p1,-0.6390730293854459,0.2457119043378343
GLUTAMIDOTRANS_RXN_p1,-0.6666057461836453,0.21915985408744187
GLUTAMIDOTRANS_RXN_p2,nan,1.0
2TRANSKETO_RXN_p1,nan,1.0
RXN_9659_p1,0.31390066476651995,0.6069933577819709
RXN_9659_p2,-0.38807686570460037,0.5185842306928252
HIS_PROTON_vc2,nan,1.0
HIS_PROTON_vc1,nan,1.0
ACET_pc2,nan,1.0
ACET_pc1,nan,1.0
sFUM_biomass2,nan,1.0
sFUM_biomass1,nan,1.0
RXN1G_349_p2,nan,1.0
GLUTATHIONE_REDUCT_NADPH_RXN_p1,-0.09740072087291896,0.8761819159408213
HYDROXYPYRUVATE_REDUCTASE_RXN_NAD_x2,nan,1.0
HYDROXYPYRUVATE_REDUCTASE_RXN_NAD_x1,-0.31484333157137284,0.6058539695353654
3_HYDROXBUTYRYL_COA_DEHYDRATASE_RXN_x1,nan,1.0
ARG_LYS_mc1,nan,1.0
2KG_CIT_mc1,nan,1.0
N_ACETYLGLUTPREDUCT_RXN_p1,-0.7128160913436642,0.17657079251094132
N_ACETYLGLUTPREDUCT_RXN_p2,-0.10459843126874876,0.8670643890172033
L_ALPHA_ALANINE_v_dielTransfer,nan,1.0
PALMITATE_pc1,nan,1.0
PALMITATE_pc2,nan,1.0
SULFITE_REDUCTASE_FERREDOXIN_RXN_p1,-0.45932274451806926,0.4364419173658339
Phloem_output_tx2,nan,1.0
Phloem_output_tx1,nan,1.0
FGAMSYN_RXN_p2,-0.3462658734806961,0.5680965033659354
FGAMSYN_RXN_p1,0.16722662199174593,0.7880770302273941
RXN_9651_p1,nan,1.0
RXN_9651_p2,nan,1.0
MALSYN_RXN_x1,nan,1.0
PHOSGLYPHOS_RXN_p1,nan,1.0
PHOSGLYPHOS_RXN_p2,nan,1.0
3PGAREARR_RXN_c1,nan,1.0
3PGAREARR_RXN_c2,-0.9708586068089856,0.005945546509033085
RXN_3521_p1,nan,1.0
OROTPDECARB_RXN_p1,nan,1.0
ASPARAGINE_TRNA_LIGASE_RXN_c2,nan,1.0
ALANINE_AMINOTRANSFERASE_RXN_c2,0.8755776992666472,0.051689836713996795
ALANINE_AMINOTRANSFERASE_RXN_c1,0.8755776992666472,0.051689836713996795
ASPARAGINE_TRNA_LIGASE_RXN_c1,nan,1.0
Ferredoxin_Plastoquinone_Reductase_p2,nan,1.0
RXN_9540_p2,nan,1.0
RXN_9540_p1,nan,1.0
Ferredoxin_Plastoquinone_Reductase_p1,nan,1.0
PHOSGLYPHOS_RXN_c1,nan,1.0
DIHYDROPICRED_RXN_NADP_p2,nan,1.0
DIHYDROPICRED_RXN_NADP_p1,-0.8733699865791836,0.053053345334272306
PRO_v_dielTransfer,nan,1.0
ARG_PROTON_vc2,nan,1.0
RXN0_2382_p1,-0.5566333045505865,0.3297950610316491
SUC_SO4_mc2,nan,1.0
SUC_SO4_mc1,nan,1.0
RXN_9650_p2,nan,1.0
RXN_9650_p1,nan,1.0
Octadecadienoyl_ACP_hydrolase_p1,nan,1.0
Octadecadienoyl_ACP_hydrolase_p2,nan,1.0
ARG_ORNITHINE_mc2,nan,1.0
ARG_ORNITHINE_mc1,nan,1.0
SERINE_GLYOXYLATE_AMINOTRANSFERASE_RXN_x2,nan,1.0
RXN0_5330_NADP_mi1,nan,1.0
ISOCITRATE_DEHYDROGENASE_NAD_RXN_m1,nan,1.0
MYO_INOSITOL_OXYGENASE_RXN_c1,nan,1.0
Glycerate_xc1,nan,1.0
Glycerate_xc2,nan,1.0
RXN_9653_p2,nan,1.0
RXN_9653_p1,nan,1.0
LEU_mc1,nan,1.0
LEU_mc2,nan,1.0
RXN_9657_p2,-0.19926823601131452,0.7479730340673975
RXN_9657_p1,0.31390066476651995,0.6069933577819709
GLT_xc1,nan,1.0
GLT_xc2,nan,1.0
RXN_9654_p2,nan,1.0
RXN_9654_p1,nan,1.0
PALMITATE_xc1,nan,1.0
Fatty_Acids_pc1,nan,1.0
Fatty_Acids_pc2,nan,1.0
RXN_12002_p1,nan,1.0
RXN_9655_p1,nan,1.0
RXN_9655_p2,nan,1.0
SO4_pc1,nan,1.0
SO4_pc2,nan,1.0
RXN_9528_p1,nan,1.0
RXN_9528_p2,nan,1.0
THR_pc1,nan,1.0
THR_pc2,nan,1.0
Cellulose_biomass1,nan,1.0
METHYLACYLYLCOA_HYDROXY_RXN_m2,nan,1.0
METHYLACYLYLCOA_HYDROXY_RXN_m1,nan,1.0
Cellulose_biomass2,nan,1.0
GLY_xc1,nan,1.0
2_METHYL_ACETO_ACETYL_COA_mc1,nan,1.0
2_METHYL_ACETO_ACETYL_COA_mc2,nan,1.0
GLY_xc2,nan,1.0
DUTP_PYROP_RXN_p1,nan,1.0
DUTP_PYROP_RXN_p2,nan,1.0
ADENYLOSUCCINATE_SYNTHASE_RXN_p1,-0.22997762354852005,0.7097854339940732
ADENYLOSUCCINATE_SYNTHASE_RXN_p2,0.1575800280474785,0.8001963497149669
CO2_tx2,nan,1.0
ACETYL_COA_ACETYLTRANSFER_RXN_x1,nan,1.0
ACETYL_COA_ACETYLTRANSFER_RXN_x2,nan,1.0
CO2_tx1,nan,1.0
MercaptoPyruvateSulfurtransferase_m2,nan,1.0
MercaptoPyruvateSulfurtransferase_m1,nan,1.0
AMP_DEAMINASE_RXN_c1,nan,1.0
AMP_DEAMINASE_RXN_c2,nan,1.0
RXN0_5224_c2,nan,1.0
RXN0_5224_c1,nan,1.0
DSERDEAM_RXN_c1,0.003272621125220837,0.995833176806281
DSERDEAM_RXN_c2,nan,1.0
HYDROXYMETHYLGLUTARYL_COA_LYASE_RXN_m1,nan,1.0
HYDROXYMETHYLGLUTARYL_COA_LYASE_RXN_m2,nan,1.0
MALEYLACETOACETATE_ISOMERASE_RXN_c2,nan,1.0
HOMOSERKIN_RXN_p1,-0.4627606327006518,0.4325576384119667
HOMOSERKIN_RXN_p2,nan,1.0
MALEYLACETOACETATE_ISOMERASE_RXN_c1,nan,1.0
PEPDEPHOS_RXN_c1,-0.9059732494482676,0.03411842372641897
3_ISOPROPYLMALDEHYDROG_RXN_p2,0.6445171920073595,0.24039615013666094
PEPDEPHOS_RXN_c2,-0.885126909499003,0.045923277638519215
GLUC1PURIDYLTRANS_RXN_p1,nan,1.0
GLUC1PURIDYLTRANS_RXN_p2,nan,1.0
H2O_xc2,nan,1.0
RXN1G_445_p2,nan,1.0
RXN1G_445_p1,nan,1.0
H2O_xc1,nan,1.0
MAL_PROTON_rev_vc2,nan,1.0
MAL_PROTON_rev_vc1,nan,1.0
DUMP_pc1,nan,1.0
BRANCHED_CHAINAMINOTRANSFERILEU_RXN_m2,-0.5738285854970638,0.31173470258526115
BRANCHED_CHAINAMINOTRANSFERILEU_RXN_m1,-0.13307390657111104,0.8310664544260526
Nitrate_tx1,nan,1.0
1_PERIOD_1_PERIOD_1_PERIOD_178_RXN_x2,nan,1.0
1_PERIOD_1_PERIOD_1_PERIOD_178_RXN_x1,nan,1.0
Nitrate_tx2,nan,1.0
FUM_PROTON_vc2,nan,1.0
FUM_PROTON_vc1,nan,1.0
NADPHoxc_tx2,nan,1.0
NADPHoxc_tx1,nan,1.0
HOMOCYSMETB12_RXN_p1,nan,1.0
HOMOCYSMETB12_RXN_p2,nan,1.0
METHYLENE_THF_mc2,nan,1.0
RXN_13202_p1,-0.20931413919310726,0.7354520069447159
RXN_13202_p2,nan,1.0
METHYLENE_THF_mc1,nan,1.0
SER_v_dielTransfer,nan,1.0
PYRUVATE_pc1,nan,1.0
PYRUVATE_pc2,nan,1.0
SHIKIMATE_KINASE_RXN_p2,nan,1.0
SHIKIMATE_KINASE_RXN_p1,0.21902619029348003,0.7233732223136213
SUPEROX_DISMUT_RXN_c2,nan,1.0
SUPEROX_DISMUT_RXN_c1,nan,1.0
pTRP_biomass2,nan,1.0
DIHYDROXYISOVALDEHYDRAT_RXN_p2,0.6321811135023575,0.2524861799733049
RXN_9660_p1,0.31390066476651995,0.6069933577819709
ARG_mc2,nan,1.0
Pi_PROTON_mc1,nan,1.0
Pi_PROTON_mc2,nan,1.0
ARG_mc1,nan,1.0
ASPAMINOTRANS_RXN_m2,nan,1.0
ASPAMINOTRANS_RXN_m1,nan,1.0
RXN_9520_p1,nan,1.0
RXN_9520_p2,nan,1.0
RXN_12486_c2,nan,1.0
RXN_6384_x1,nan,1.0
RXN_9635_p1,0.21419580127482887,0.7293774391303305
2_METHYL_ACETO_ACETYL_COA_xc1,nan,1.0
2_METHYL_ACETO_ACETYL_COA_xc2,nan,1.0
IPP_biosynthesis_c1,nan,1.0
IPP_biosynthesis_c2,nan,1.0
ARGSUCCINLYA_RXN_p2,nan,1.0
pALA_biomass1,nan,1.0
pALA_biomass2,nan,1.0
ARGSUCCINLYA_RXN_p1,0.08761518140663496,0.888587775092099
DIHYDROOROT_RXN_p2,nan,1.0
DIHYDROOROT_RXN_p1,nan,1.0
GLUTAMINESYN_RXN_p2,-0.11914013540005988,0.8486657029064651
GLUTAMINESYN_RXN_p1,-0.5624826960740371,0.3236225108957484
HOMOGENTISATE_12_DIOXYGENASE_RXN_c2,nan,1.0
HOMOGENTISATE_12_DIOXYGENASE_RXN_c1,nan,1.0
IMPCYCLOHYDROLASE_RXN_p2,0.026492590581811522,0.9662725322177692
IMPCYCLOHYDROLASE_RXN_p1,-0.47798775567367885,0.41544883800444227
3PGAREARR_RXN_p1,nan,1.0
3PGAREARR_RXN_p2,nan,1.0
RXN_7978_p2,nan,1.0
RXN_7978_p1,nan,1.0
TYROSINE_AMINOTRANSFERASE_RXN_p2,nan,1.0
TYROSINE_AMINOTRANSFERASE_RXN_p1,nan,1.0
METHENYLTHFCYCLOHYDRO_RXN_c1,0.03927904322202718,0.9500012318859423
RXN_9623_p2,nan,1.0
RXN_11213_m2,nan,1.0
GLN_PROTON_vc2,nan,1.0
GLYC3PDEHYDROGBIOSYN_RXN_c2,nan,1.0
2_PERIOD_4_PERIOD_1_PERIOD_46_RXN_p1,nan,1.0
2_PERIOD_4_PERIOD_1_PERIOD_46_RXN_p2,nan,1.0
GLYC3PDEHYDROGBIOSYN_RXN_c1,nan,1.0
sGLN_biomass1,nan,1.0
sGLN_biomass2,nan,1.0
K_tx2,nan,1.0
RXN0_5224_p2,nan,1.0
RXN0_5224_p1,nan,1.0
PREPHENATE_TRANSAMINE_RXN_p1,-0.9855298474122156,0.0020849643281572795
PRO_mc2,nan,1.0
PRO_mc1,nan,1.0
PREPHENATE_TRANSAMINE_RXN_p2,nan,1.0
H2O_mc2,nan,1.0
1_PERIOD_2_PERIOD_1_PERIOD_25_RXN_m1,nan,1.0
GLYCERATE_GLYCOLLATE_pc2,nan,1.0
GLYCERATE_GLYCOLLATE_pc1,nan,1.0
IMP_DEHYDROG_RXN_c1,nan,1.0
HIS_pc2,nan,1.0
HIS_pc1,nan,1.0
IMP_DEHYDROG_RXN_c2,nan,1.0
HISTIDPHOS_RXN_p2,nan,1.0
HISTIDPHOS_RXN_p1,-0.830841226501253,0.08136489084259937
PHOSPHOLIPASE_A2_RXN_c1,nan,1.0
PHOSPHOLIPASE_A2_RXN_c2,nan,1.0
SUC_FUM_mc1,nan,1.0
SUC_FUM_mc2,nan,1.0
UREA_mc2,nan,1.0
DHAP_3PGA_pc1,nan,1.0
BRANCHED_CHAINAMINOTRANSFERVAL_RXN_m1,nan,1.0
SUCROSE_SYNTHASE_RXN_c1,-0.9914424929255625,0.0009490661867191119
SUCROSE_SYNTHASE_RXN_c2,-0.9914424929255623,0.0009490661867191486
BRANCHED_CHAINAMINOTRANSFERVAL_RXN_m2,nan,1.0
6PFRUCTPHOS_RXN_c2,nan,1.0
6PFRUCTPHOS_RXN_c1,nan,1.0
RXN_1781_v1,nan,1.0
RXN490_3650_p1,nan,1.0
sGABA_biomass2,nan,1.0
sGABA_biomass1,nan,1.0
RXN_14903_m2,nan,1.0
CIT_xc2,nan,1.0
CIT_xc1,nan,1.0
gadoleic_acid_biosynthesis_p1,nan,1.0
gadoleic_acid_biosynthesis_p2,nan,1.0
GDPREDUCT_RXN_p1,nan,1.0
GDPREDUCT_RXN_p2,nan,1.0
PHE_PROTON_rev_vc2,nan,1.0
PHE_PROTON_rev_vc1,nan,1.0
MANNITOL_1_PHOSPHATASE_RXN_c1,nan,1.0
MANNITOL_1_PHOSPHATASE_RXN_c2,nan,1.0
sGLU_biomass1,nan,1.0
sGLU_biomass2,nan,1.0
ASN_v_dielTransfer,nan,1.0
RXN_1381_p2,nan,1.0
RXN_1381_p1,nan,1.0
DIHYDROPICRED_RXN_NAD_p1,0.5713522784629439,0.31431960587255026
DIHYDROPICRED_RXN_NAD_p2,nan,1.0
AICARSYN_RXN_p1,-0.4247235857934111,0.47595458899167714
AICARSYN_RXN_p2,0.04539176610954803,0.942225261304852
ACETOOHBUTSYN_RXN_p2,nan,1.0
K_ec2,nan,1.0
K_ec1,nan,1.0
ACETOOHBUTSYN_RXN_p1,nan,1.0
SUPEROX_DISMUT_RXN_p2,nan,1.0
SUPEROX_DISMUT_RXN_p1,nan,1.0
RXN_8001_p2,nan,1.0
RXN_8001_p1,-0.6605589224857287,0.22491951424461945
H_tx1,nan,1.0
H_tx2,nan,1.0
DIACYLGLYCEROL_O_ACYLTRANSFERASE_RXN_p2,nan,1.0
DIACYLGLYCEROL_O_ACYLTRANSFERASE_RXN_p1,nan,1.0
GLT_PROTON_vc2,nan,1.0
GLT_PROTON_vc1,nan,1.0
RXN66_3_m1,nan,1.0
RXN66_3_m2,nan,1.0
sSUCROSE_biomass1,nan,1.0
hexadecadienoate_ACP_desaturase_p1,nan,1.0
hexadecadienoate_ACP_desaturase_p2,nan,1.0
sSUCROSE_biomass2,nan,1.0
DIHYDROXYISOVALDEHYDRAT_RXN_p1,-0.9072495077054932,0.033432736867437945
MAL_ISOCITRATE_mc1,nan,1.0
ACET_xc2,nan,1.0
ACET_xc1,nan,1.0
MAL_ISOCITRATE_mc2,nan,1.0
lycopene_biosynthesis_p2,nan,1.0
lycopene_biosynthesis_p1,nan,1.0
pTRP_biomass1,nan,1.0
TYR_v_dielTransfer,nan,1.0
4_AMINO_BUTYRATE_PROTON_rev_vc2,nan,1.0
4_AMINO_BUTYRATE_PROTON_rev_vc1,nan,1.0
RXN_6883_mi1,0.3812268720185174,0.5266348605815875
RXN_6883_mi2,nan,1.0
ASPARTATEKIN_RXN_p1,-0.47399629733340803,0.41991826853061004
ASPARTATEKIN_RXN_p2,nan,1.0
RXN_7677_p2,nan,1.0
RXN_7677_p1,-0.7606388759841953,0.1354164828842203
pHIS_biomass1,nan,1.0
2_METHYL_3_HYDROXY_BUTYRYL_COA_xc2,nan,1.0
2_METHYL_3_HYDROXY_BUTYRYL_COA_xc1,nan,1.0
RXN0_5260_m1,nan,1.0
RXN0_5260_m2,nan,1.0
3_PERIOD_1_PERIOD_2_PERIOD_14_RXN_p1,nan,1.0
GLYCINE_AMINOTRANSFERASE_RXN_x1,-0.9277139298988973,0.023075434133999945
RXN_7676_p1,-0.7606388759841953,0.1354164828842203
RXN_7676_p2,nan,1.0
sMAL_biomass1,nan,1.0
sMAL_biomass2,nan,1.0
pGLY_biomass2,nan,1.0
pGLY_biomass1,nan,1.0
RXN_7674_p2,nan,1.0
RXN_7674_p1,nan,1.0
3_PERIOD_2_PERIOD_1_PERIOD_48_RXN_v1,nan,1.0
TYROSINE_AMINOTRANSFERASE_RXN_c2,nan,1.0
TYROSINE_AMINOTRANSFERASE_RXN_c1,nan,1.0
3_PERIOD_2_PERIOD_1_PERIOD_48_RXN_v2,nan,1.0
4_AMINO_BUTYRATE_PROTON_vc1,nan,1.0
4_AMINO_BUTYRATE_PROTON_vc2,nan,1.0
ILE_pc2,nan,1.0
ILE_pc1,nan,1.0
GMP_SYN_GLUT_RXN_c2,nan,1.0
GMP_SYN_GLUT_RXN_c1,nan,1.0
PHE_v_dielTransfer,nan,1.0
O2_ec1,nan,1.0
O2_ec2,nan,1.0
RXN_7985_p2,nan,1.0
RXN_7985_p1,nan,1.0
UDP_GLUCURONATE_DECARBOXYLASE_RXN_c1,nan,1.0
sCIT_biomass2,nan,1.0
sCIT_biomass1,nan,1.0
UDP_GLUCURONATE_DECARBOXYLASE_RXN_c2,nan,1.0
GLUTAMINESYN_RXN_c2,0.07816476976330565,0.9005789598084274
RXN_7679_p1,-0.9637245572162494,0.008248511869690982
RXN_7679_p2,nan,1.0
GLUTAMINESYN_RXN_c1,nan,1.0
GUANYL_KIN_RXN_c2,nan,1.0
GUANYL_KIN_RXN_c1,nan,1.0
RXN_14903_m1,nan,1.0
RXN_6384_x2,nan,1.0
RXN_12486_c1,nan,1.0
VAL_PROTON_rev_vc2,nan,1.0
UDPKIN_RXN_p2,nan,1.0
ACETOLACTSYN_RXN_p1,-0.012029331435447412,0.9846841489161523
VAL_PROTON_rev_vc1,nan,1.0
Mg_ec2,nan,1.0
Mg_ec1,nan,1.0
UDPKIN_RXN_p1,nan,1.0
SUCROSE_PHOSPHATE_SYNTHASE_RXN_c1,-0.09082800300639315,0.8845133998540052
GDPKIN_RXN_m2,nan,1.0
GDPKIN_RXN_m1,nan,1.0
SUCROSE_PHOSPHATE_SYNTHASE_RXN_c2,-0.289797337865286,0.6362503294672242
GLT_MAL_pc2,nan,1.0
GLT_MAL_pc1,nan,1.0
Beta_Oxidation_x1,nan,1.0
Beta_Oxidation_x2,nan,1.0
GLUTAMINESYN_RXN_m1,nan,1.0
GLUTAMINESYN_RXN_m2,-0.5684668981246268,0.31733837609603777
MET_PROTON_rev_vc2,nan,1.0
2K_ADIPATE_mc2,nan,1.0
2K_ADIPATE_mc1,nan,1.0
MET_PROTON_rev_vc1,nan,1.0
GLY_v_dielTransfer,nan,1.0
NITRATE_vc2,nan,1.0
NITRATE_vc1,nan,1.0
FERREDOXIN_NITRITE_REDUCTASE_RXN_p2,nan,1.0
1_PERIOD_5_PERIOD_1_PERIOD_8_RXN_c1,nan,1.0
1_PERIOD_5_PERIOD_1_PERIOD_8_RXN_c2,nan,1.0
FERREDOXIN_NITRITE_REDUCTASE_RXN_p1,-0.7025759711530016,0.18578228913890144
NITRATE_v_dielTransfer,nan,1.0
GMP_pc2,nan,1.0
GMP_pc1,nan,1.0
CIT_ISOCITRATE_mc2,nan,1.0
CIT_ISOCITRATE_mc1,nan,1.0
GLC_pc2,nan,1.0
GLC_pc1,nan,1.0
TYR_PROTON_vc1,nan,1.0
TYR_PROTON_vc2,nan,1.0
GLU6PDEHYDROG_RXN_p1,nan,1.0
ORNITHINE_GLU_AMINOTRANSFORASE_RXN_m2,nan,1.0
DIHYDROFOLATEREDUCT_RXN_m1,nan,1.0
DIHYDROFOLATEREDUCT_RXN_m2,nan,1.0
UDPKIN_RXN_c2,-0.6725444372007745,0.21354371158172705
UDPKIN_RXN_c1,-0.8391844178478728,0.07552004276562932
HISTAMINOTRANS_RXN_p1,-0.3161003239837369,0.6043352444073844
HISTAMINOTRANS_RXN_p2,nan,1.0
ASPAMINOTRANS_RXN_x1,nan,1.0
H2O_pc2,nan,1.0
H2O_pc1,nan,1.0
GPH_RXN_p1,-0.9764826129745304,0.004313993482211007
DIHYDROXYMETVALDEHYDRAT_RXN_p2,nan,1.0
RXN0_5184_c1,nan,1.0
RXN0_5184_c2,-0.24004061356015122,0.6973317363187289
MEPROPCOA_FAD_RXN_m2,nan,1.0
MEPROPCOA_FAD_RXN_m1,nan,1.0
GLUTAMATE_SYNTHASE_FERREDOXIN_RXN_p1,-0.6777052476403841,0.20869631848618017
GLUTAMATE_SYNTHASE_FERREDOXIN_RXN_p2,nan,1.0
PHE_PROTON_vc1,nan,1.0
PHE_PROTON_vc2,nan,1.0
RIB5PISOM_RXN_p1,-0.9131774359816066,0.03030710390287832
ORNITHINE_CITRULLINE_mc2,nan,1.0
ORNITHINE_CITRULLINE_mc1,nan,1.0
1_PERIOD_2_PERIOD_1_PERIOD_2_RXN_p2,nan,1.0
1_PERIOD_2_PERIOD_1_PERIOD_2_RXN_p1,nan,1.0
Plastoquinol_Oxidase_p1,nan,1.0
Plastoquinol_Oxidase_p2,nan,1.0
VAL_PROTON_vc1,nan,1.0
VAL_PROTON_vc2,nan,1.0
NH4_tx1,nan,1.0
NH4_tx2,nan,1.0
SUCCINATE_DEHYDROGENASE_UBIQUINONE_RXN_mc1,nan,1.0
SUCCINATE_DEHYDROGENASE_UBIQUINONE_RXN_mc2,0.4530878299872701,0.44350620369014093
DTMP_mc2,nan,1.0
DTMP_mc1,nan,1.0
CHORISMATEMUT_RXN_p2,nan,1.0
GLYCINE_TRNA_LIGASE_RXN_c2,nan,1.0
sSER_biomass1,nan,1.0
sSER_biomass2,nan,1.0
ARG_LYS_mc2,nan,1.0
3_HYDROXBUTYRYL_COA_DEHYDRATASE_RXN_x2,nan,1.0
RXN_5643_c1,nan,1.0
ACETYLGLUTKIN_RXN_p1,-0.6489646773404334,0.2360771533206511
ACETYLGLUTKIN_RXN_p2,0.9552354372516872,0.011292693864156648
RXN_961_p1,nan,1.0
RXN_961_p2,nan,1.0
2_PERIOD_7_PERIOD_8_PERIOD_11_RXN_r2,nan,1.0
2_PERIOD_7_PERIOD_8_PERIOD_11_RXN_r1,nan,1.0
sILE_biomass2,nan,1.0
sILE_biomass1,nan,1.0
ARGININE_TRNA_LIGASE_RXN_c1,nan,1.0
ARGININE_TRNA_LIGASE_RXN_c2,nan,1.0
MET_PROTON_vc1,nan,1.0
MET_PROTON_vc2,nan,1.0
GUANYL_KIN_RXN_p2,nan,1.0
GUANYL_KIN_RXN_p1,nan,1.0
DIAMINOPIMDECARB_RXN_p2,nan,1.0
DIAMINOPIMDECARB_RXN_p1,-0.625239522668838,0.2593591604334069
2_PERIOD_7_PERIOD_7_PERIOD_14_RXN_m2,nan,1.0
RXN_11832_p2,nan,1.0
RXN_11832_p1,nan,1.0
Xylan_biomass1,nan,1.0
Xylan_biomass2,nan,1.0
3_PERIOD_2_PERIOD_1_PERIOD_48_RXN_c2,nan,1.0
RXN_1225_p2,nan,1.0
RXN_1225_p1,nan,1.0
3_PERIOD_2_PERIOD_1_PERIOD_48_RXN_c1,nan,1.0
ACONITATEHYDR_RXN_m2,-0.5117580931866959,0.37808841532099446
ACONITATEHYDR_RXN_m1,-0.484597310681171,0.40807212873139703
PHOSPHAGLYPSYN_RXN_p2,nan,1.0
F16BDEPHOS_RXN_c1,-0.7795367687515734,0.12006809163863172
PHOSPHAGLYPSYN_RXN_m1,nan,1.0
PHOSPHAGLYPSYN_RXN_m2,nan,1.0
RXN_3522_p1,nan,1.0
RXN_3522_p2,nan,1.0
PHOSPHAGLYPSYN_RXN_p1,nan,1.0
GLUC1PADENYLTRANS_RXN_p1,-0.9740204190996377,0.005007055242255558
GLUC1PADENYLTRANS_RXN_p2,nan,1.0
SER_PROTON_vc1,nan,1.0
SER_PROTON_vc2,nan,1.0
INORGPYROPHOSPHAT_RXN_c1,-0.6203411292917169,0.2642387718110047
INORGPYROPHOSPHAT_RXN_c2,nan,1.0
GLN_GLU_mc1,nan,1.0
GLN_GLU_mc2,nan,1.0
ALCOHOL_DEHYDROG_RXN_c1,nan,1.0
ALCOHOL_DEHYDROG_RXN_c2,nan,1.0
Biomass_tx2,nan,1.0
CYSTATHIONINE_BETA_LYASE_RXN_p2,-0.18939237480833276,0.7603076016893069
CYSTATHIONINE_BETA_LYASE_RXN_p1,-0.4739661229130512,0.4199520980367145
1_PERIOD_2_PERIOD_1_PERIOD_2_RXN_m2,-0.3339543031158587,0.5828374727977097
RXN_7903_p1,nan,1.0
RXN_7903_p2,nan,1.0
GLUTATHIONE_REDUCT_NADPH_RXN_p2,nan,1.0
SAICARSYN_RXN_p1,0.5675784204695985,0.3182694051798564
METHENYLTHFCYCLOHYDRO_RXN_c2,nan,1.0
GLN_PROTON_vc1,nan,1.0
UGD_RXN_c2,nan,1.0
UGD_RXN_c1,nan,1.0
RXN_11213_m1,nan,1.0
pASP_biomass1,nan,1.0
pASP_biomass2,nan,1.0
2_PERIOD_7_PERIOD_1_PERIOD_90_RXN_c1,nan,1.0
2_PERIOD_7_PERIOD_1_PERIOD_90_RXN_c2,-0.9609425794955195,0.00921145753071772
OAA_MAL_pc1,nan,1.0
OAA_MAL_pc2,nan,1.0
PYRROLINECARBREDUCT_RXN_NAD_c1,nan,1.0
PYRROLINECARBREDUCT_RXN_NAD_c2,nan,1.0
RXN_9658_p2,-0.19926823601131452,0.7479730340673975
RXN_9658_p1,0.31390066476651995,0.6069933577819709
RXN_5682_p1,nan,1.0
RXN_5682_p2,nan,1.0
ATP_AMP_mc1,nan,1.0
PHOSPHORYL_CHOLINE_mc2,nan,1.0
RIBULOSE_BISPHOSPHATE_CARBOXYLASE_RXN_p2,nan,1.0
PHOSPHORYL_CHOLINE_mc1,nan,1.0
RXN_7737_p1,-0.7220097921185481,0.16841610188938716
Glycerol_biomass2,nan,1.0
Glycerol_biomass1,nan,1.0
RXN_7737_p2,nan,1.0
GLY_PROTON_rev_vc2,nan,1.0
GLY_PROTON_rev_vc1,nan,1.0
ISOCIT_CLEAV_RXN_x2,nan,1.0
GLN_v_dielTransfer,nan,1.0
MYO_INOSITOL_1_PHOSPHATE_SYNTHASE_RXN_c2,nan,1.0
MYO_INOSITOL_1_PHOSPHATE_SYNTHASE_RXN_c1,nan,1.0
ISOCIT_CLEAV_RXN_x1,nan,1.0
ISOBUTYRYL_COA_xc2,nan,1.0
ISOBUTYRYL_COA_xc1,nan,1.0
RXN_9548_p2,nan,1.0
RXN_9548_p1,nan,1.0
CDPDIGLYSYN_RXN_p1,nan,1.0
CDPDIGLYSYN_RXN_p2,nan,1.0
PHOSPHORIBULOKINASE_RXN_p1,-0.9239665270014563,0.024878544731374803
FattyAcid_biomass1,nan,1.0
AICARTRANSFORM_RXN_p1,-0.4779877556736786,0.41544883800444243
AICARTRANSFORM_RXN_p2,0.026492590581811557,0.9662725322177692
hexadecatrienoate_biosynthesis_p2,nan,1.0
hexadecatrienoate_biosynthesis_p1,nan,1.0
PGPPHOSPHA_RXN_p1,nan,1.0
PGPPHOSPHA_RXN_p2,nan,1.0
MAL_v_dielTransfer,nan,1.0
BRANCHED_CHAINAMINOTRANSFERILEU_RXN_p1,0.4212130361792965,0.480004843829578
BRANCHED_CHAINAMINOTRANSFERILEU_RXN_p2,nan,1.0
BRANCHED_CHAINAMINOTRANSFERLEU_RXN_m1,nan,1.0
BRANCHED_CHAINAMINOTRANSFERLEU_RXN_m2,nan,1.0
METHYLENE_THF_pc2,nan,1.0
METHYLENE_THF_pc1,nan,1.0
sLEU_biomass1,nan,1.0
RXN0_1483_c2,nan,1.0
RXN0_1483_c1,nan,1.0
sLEU_biomass2,nan,1.0
FUMHYDR_RXN_c1,-0.9131978441721519,0.030296514190045202
1_PERIOD_2_PERIOD_1_PERIOD_25_RXN_m2,nan,1.0
H2O_mc1,nan,1.0
F16BDEPHOS_RXN_p1,-0.9570608619459875,0.010611986140609828
F16BDEPHOS_RXN_p2,nan,1.0
LYS_PROTON_rev_vc1,nan,1.0
FUMHYDR_RXN_m1,-0.8653742831775231,0.058083868887794314
FUMHYDR_RXN_m2,-0.8873169443825812,0.04463150836991666
LYS_PROTON_rev_vc2,nan,1.0
IMIDPHOSDEHYD_RXN_p2,nan,1.0
IMIDPHOSDEHYD_RXN_p1,-0.5109640892068923,0.37895719752930557
RXN_9652_p1,nan,1.0
RXN_9652_p2,nan,1.0
GLYOHMETRANS_RXN_p1,-0.5783098040453112,0.30707089571528057
GLC_ec2,nan,1.0
GLYOHMETRANS_RXN_p2,nan,1.0
GLC_ec1,nan,1.0
Protein_Polymerisation_c1,nan,1.0
Protein_Polymerisation_c2,nan,1.0
RXN0_2301_m2,nan,1.0
ALANINE_AMINOTRANSFERASE_RXN_m1,nan,1.0
NH4_vc1,nan,1.0
ALANINE_AMINOTRANSFERASE_RXN_m2,nan,1.0
THR_PROTON_vc1,nan,1.0
THR_PROTON_vc2,nan,1.0
SER_mc1,nan,1.0
SER_mc2,nan,1.0
2KG_SUC_mc2,nan,1.0
UDPREDUCT_RXN_p2,nan,1.0
UDPREDUCT_RXN_p1,nan,1.0
ALLYSINE_DEHYDROG_RXN_c1,nan,1.0
ALLYSINE_DEHYDROG_RXN_c2,nan,1.0
RXN_9632_p2,nan,1.0
RXN_9632_p1,nan,1.0
PROPCOASYN_RXN_x1,nan,1.0
PROPCOASYN_RXN_x2,nan,1.0
RXN_9531_p2,-0.6251114925486645,0.2594863895131882
RXN_9531_p1,nan,1.0
PSERTRANSAM_RXN_p1,nan,1.0
PSERTRANSAM_RXN_p2,-0.659285261430067,0.22613793407563867
CDPREDUCT_RXN_p1,nan,1.0
CDPREDUCT_RXN_p2,nan,1.0
SUC_xc1,nan,1.0
SUC_xc2,nan,1.0
2KG_MAL_pc1,nan,1.0
2KG_MAL_pc2,nan,1.0
HOMOSERDEHYDROG_RXN_NADP_p2,nan,1.0
HOMOSERDEHYDROG_RXN_NADP_p1,-0.6719003251666733,0.21415087859775975
1TRANSKETO_RXN_p2,-0.5861729285976102,0.298931319442264
1TRANSKETO_RXN_p1,-0.0852926920885425,0.8915337878885615
Biomass_tx1,nan,1.0
RXN_9537_p2,nan,1.0
PGLUCISOM_RXN_p2,0.8289038050043888,0.08274124813748263
PGLUCISOM_RXN_p1,0.8279693270734939,0.08340764251089641
ARGSUCCINSYN_RXN_p2,nan,1.0
ARGSUCCINSYN_RXN_p1,-0.6919090634908572,0.1955178337269141
ASPARTATE_SEMIALDEHYDE_DEHYDROGENASE_RXN_p2,nan,1.0
ASPARTATE_SEMIALDEHYDE_DEHYDROGENASE_RXN_p1,-0.7469766847399215,0.14684633251367385
ILE_v_dielTransfer,nan,1.0
HS_pc1,nan,1.0
HS_pc2,nan,1.0
RXN_9535_p2,-0.49108633176208827,0.4008599176526601
RXN_9535_p1,nan,1.0
3PGA_Pi_pc2,nan,1.0
GLY_PROTON_vc1,nan,1.0
GLUTACONYL_COA_mc2,nan,1.0
GLUTACONYL_COA_mc1,nan,1.0
GLY_PROTON_vc2,nan,1.0
RXN0_5330_NADP_mc1,nan,1.0
RXN0_5330_NADP_mc2,nan,1.0
GLUTACONYL_COA_xc2,nan,1.0
Nitrate_ec2,nan,1.0
6PGLUCONDEHYDROG_RXN_c2,nan,1.0
DHAP_3PGA_pc2,nan,1.0
O2_xc2,nan,1.0
UREA_mc1,nan,1.0
ALANINE_TRNA_LIGASE_RXN_c2,nan,1.0
ALANINE_TRNA_LIGASE_RXN_c1,nan,1.0
THR_v_dielTransfer,nan,1.0
PYRUVATEORTHOPHOSPHATE_DIKINASE_RXN_c1,nan,1.0
PYRUVATEORTHOPHOSPHATE_DIKINASE_RXN_c2,nan,1.0
MAL_CIT_rev_vc1,nan,1.0
MAL_CIT_rev_vc2,nan,1.0
RXN_10773_c1,nan,1.0
1_PERIOD_5_PERIOD_1_PERIOD_9_RXN_c2,nan,1.0
1_PERIOD_5_PERIOD_1_PERIOD_9_RXN_c1,nan,1.0
RXN_10773_c2,nan,1.0
CATAL_RXN_x1,-0.5372853550447625,0.35041746618864866
SUC_Pi_mc1,nan,1.0
SEDOBISALDOL_RXN_p2,nan,1.0
CATAL_RXN_x2,-0.5722196960084185,0.3134135281871865
PRO_GLU_mc1,nan,1.0
PRO_GLU_mc2,nan,1.0
PGLYCDEHYDROG_RXN_p2,-0.41407629707008864,0.48826115989500085
PGLYCDEHYDROG_RXN_p1,nan,1.0
MALATE_DEH_RXN_p1,nan,1.0
sASP_biomass2,nan,1.0
sASP_biomass1,nan,1.0
MALATE_DEH_RXN_p2,-0.9049673301664263,0.03466199680732607
S_ADENMETSYN_RXN_c2,0.37342144019769086,0.5358383951004481
sTYR_biomass1,nan,1.0
sTYR_biomass2,nan,1.0
S_ADENMETSYN_RXN_c1,nan,1.0
RXN_1781_v2,nan,1.0
ASPARTATE_TRNA_LIGASE_RXN_c2,nan,1.0
ASPARTATE_TRNA_LIGASE_RXN_c1,nan,1.0
CELLULOSE_SYNTHASE_GDP_FORMING_RXN_c1,nan,1.0
CELLULOSE_SYNTHASE_GDP_FORMING_RXN_c2,nan,1.0
diel_biomass,nan,1.0
2KG_ISOCITRATE_mc2,nan,1.0
2KG_ISOCITRATE_mc1,nan,1.0
ACONITATEDEHYDR_RXN_c1,-0.08228404715901544,0.8953510416573368
LYS_ORNITHINE_mc1,nan,1.0
ACONITATEDEHYDR_RXN_c2,-0.48400017406465584,0.4087373154443249
ADENYL_KIN_RXN_m1,-0.5674443298111564,0.31840997799315107
ADENYL_KIN_RXN_m2,0.17606715926053645,0.7769880042190689
SUCROSE_PROTON_vc1,nan,1.0
HMBPP_synthesis_p2,nan,1.0
HMBPP_synthesis_p1,nan,1.0
SUCROSE_PROTON_vc2,nan,1.0
SHIKIMATE_5_DEHYDROGENASE_RXN_p2,nan,1.0
SHIKIMATE_5_DEHYDROGENASE_RXN_p1,-0.34300494214577576,0.5719940855669078
ORNITHINE_CITRULLINE_pc2,nan,1.0
ORNITHINE_CITRULLINE_pc1,nan,1.0
sARG_biomass2,nan,1.0
sARG_biomass1,nan,1.0
K_rev_vc2,nan,1.0
sCYS_biomass1,nan,1.0
OAA_xc2,nan,1.0
OAA_xc1,nan,1.0
PHOSPHOGLUCMUT_RXN_c2,-0.9215943013950456,0.026042376123776835
PHOSPHOGLUCMUT_RXN_c1,0.8296058867426079,0.08224166358115303
pASN_biomass2,nan,1.0
Arachidoyl_ACP_desaturase_p1,nan,1.0
pMET_biomass2,nan,1.0
pMET_biomass1,nan,1.0
SUC_ACONITATE_mc2,nan,1.0
SUC_ACONITATE_mc1,nan,1.0
FattyAcid_biomass2,nan,1.0
sHIS_biomass2,nan,1.0
sHIS_biomass1,nan,1.0
DIAMINOPIMEPIM_RXN_p1,-0.5007048097132115,0.3902252377330915
DIAMINOPIMEPIM_RXN_p2,nan,1.0
RXN0_884_p2,nan,1.0
RXN0_884_p1,nan,1.0
PHOSPHORIBULOKINASE_RXN_p2,nan,1.0
1_PERIOD_1_PERIOD_1_PERIOD_39_RXN_m1,nan,1.0
1_PERIOD_1_PERIOD_1_PERIOD_39_RXN_m2,nan,1.0
CDPKIN_RXN_m2,nan,1.0
CDPKIN_RXN_m1,nan,1.0
BRANCHED_CHAINAMINOTRANSFERLEU_RXN_p2,0.8869430446783891,0.04485122117370691
BRANCHED_CHAINAMINOTRANSFERLEU_RXN_p1,-0.5242354861827683,0.3644993651454206
Ca_biomass2,nan,1.0
Ca_biomass1,nan,1.0
PYRUVATE_PROTON_mc1,nan,1.0
PYRUVATE_PROTON_mc2,nan,1.0
RXN_9516_p1,nan,1.0
RXN_9516_p2,-0.6251114925486644,0.2594863895131883
TRIOSEPISOMERIZATION_RXN_c1,0.5136153124781617,0.37605815458567354
TRIOSEPISOMERIZATION_RXN_c2,0.8949855578188145,0.04020178406024271
CYTOCHROME_C_OXIDASE_RXN_mc1,nan,1.0
ACETATE_COA_LIGASE_RXN_p1,0.26089752296275853,0.6716229029775603
ACETATE_COA_LIGASE_RXN_p2,0.25218118937363565,0.6823494372808926
CYTOCHROME_C_OXIDASE_RXN_mc2,nan,1.0
ALANINE_GLYOXYLATE_AMINOTRANSFERASE_RXN_x1,nan,1.0
ALANINE_GLYOXYLATE_AMINOTRANSFERASE_RXN_x2,0.6129283645917042,0.27166896443514704
LEU_PROTON_rev_vc2,nan,1.0
LEU_PROTON_rev_vc1,nan,1.0
DUMP_mc2,nan,1.0
DUMP_mc1,nan,1.0
Pi_ec1,nan,1.0
Photon_ep1,nan,1.0
Photon_ep2,nan,1.0
ISOBUTYRYL_COA_mc2,nan,1.0
ISOBUTYRYL_COA_mc1,nan,1.0
sLYS_biomass2,nan,1.0
sLYS_biomass1,nan,1.0
PREPHENATEDEHYDROG_RXN_p2,nan,1.0
PREPHENATEDEHYDROG_RXN_p1,nan,1.0
sMET_biomass1,nan,1.0
sMET_biomass2,nan,1.0
RXN0_2301_m1,nan,1.0
Sucrose_ec1,nan,1.0
Sucrose_ec2,nan,1.0
Oleoyl_ACP_desaturase_p1,nan,1.0
Oleoyl_ACP_desaturase_p2,nan,1.0
INORGPYROPHOSPHAT_RXN_m2,nan,1.0
INORGPYROPHOSPHAT_RXN_m1,nan,1.0
ASPCARBTRANS_RXN_p1,nan,1.0
ATPPHOSPHORIBOSYLTRANS_RXN_p2,nan,1.0
ATPPHOSPHORIBOSYLTRANS_RXN_p1,-0.8242992745881059,0.08604065724010587
ASPCARBTRANS_RXN_p2,nan,1.0
RXN_5643_c2,nan,1.0
SUCROSE_PROTON_rev_vc2,nan,1.0
SUCROSE_PROTON_rev_vc1,nan,1.0
ISOCITRATE_ACONITATE_mc2,nan,1.0
ISOCITRATE_ACONITATE_mc1,nan,1.0
2OXOGLUTARATEDEH_RXN_m2,nan,1.0
2OXOGLUTARATEDEH_RXN_m1,nan,1.0
MYO_INOSITOL_OXYGENASE_RXN_c2,nan,1.0
ISOCITRATE_DEHYDROGENASE_NAD_RXN_m2,nan,1.0
GLYCOGENSYN_RXN_p2,nan,1.0
SUC_CIT_mc1,nan,1.0
SUC_CIT_mc2,nan,1.0
GLYCOGENSYN_RXN_p1,-0.43253703327696347,0.46696645191237074
NADPHoxp_tx1,nan,1.0
RXN_12002_p2,nan,1.0
PALMITATE_xc2,nan,1.0
2_PERIOD_4_PERIOD_1_PERIOD_111_RXN_c2,nan,1.0
HISTIDINE_TRNA_LIGASE_RXN_c2,nan,1.0
ORNCARBAMTRANSFER_RXN_p2,nan,1.0
ACETYLORNTRANSAM_RXN_p1,0.7114170036206188,0.1778214256492409
ACETYLORNTRANSAM_RXN_p2,0.1327398689985654,0.8314879911464524
OAA_CIT_mc2,nan,1.0
OAA_CIT_mc1,nan,1.0
PYRUVATEORTHOPHOSPHATE_DIKINASE_RXN_p1,0.2975788427142077,0.6267795558999417
PYRUVATEORTHOPHOSPHATE_DIKINASE_RXN_p2,nan,1.0
Phytol_biosynthesis_p2,nan,1.0
Phytol_biosynthesis_p1,nan,1.0
3_ISOPROPYLMALISOM_RXN_p2,0.6571168877510053,0.22821642399880676
CTPSYN_RXN_p1,nan,1.0
CTPSYN_RXN_p2,nan,1.0
3_ISOPROPYLMALISOM_RXN_p1,-0.8193623705985174,0.08962187660304784
AIRS_RXN_p2,0.10997424023046479,0.8602592112912035
AIRS_RXN_p1,-0.46997100430504746,0.4244366439511719
ISPH2_RXN_p2,nan,1.0
ISPH2_RXN_p1,nan,1.0
ILE_mc2,nan,1.0
pLYS_biomass1,nan,1.0
pLYS_biomass2,nan,1.0
ILE_mc1,nan,1.0
RXN_9518_p2,nan,1.0
RXN_9518_p1,nan,1.0
GLT_v_dielTransfer,nan,1.0
hexadecadienoate_biosynthesis_p2,nan,1.0
K_tx1,nan,1.0
hexadecadienoate_biosynthesis_p1,nan,1.0
VAL_v_dielTransfer,nan,1.0
MALIC_NADP_RXN_c2,-0.8147028083612698,0.09304261537433016
MALIC_NADP_RXN_c1,nan,1.0
ACETATE_COA_LIGASE_RXN_x1,nan,1.0
LEU_v_dielTransfer,nan,1.0
4_PERIOD_2_PERIOD_1_PERIOD_58_RXN_p2,-0.1390365864559423,0.8235451415228221
4_PERIOD_2_PERIOD_1_PERIOD_58_RXN_p1,0.30360934461324046,0.6194563993494095
UDPGLUCEPIM_RXN_c1,nan,1.0
UDPGLUCEPIM_RXN_c2,nan,1.0
SULFATE_ADENYLYLTRANS_RXN_p1,-0.4422722033459665,0.4558199488852874
SULFATE_ADENYLYLTRANS_RXN_p2,nan,1.0
GLC_tx2,nan,1.0
GLC_tx1,nan,1.0
Phytol_degradation_p2,nan,1.0
Phytol_degradation_p1,nan,1.0
UREASE_RXN_c1,nan,1.0
UREASE_RXN_c2,nan,1.0
RXN_12541_c1,nan,1.0
RXN_12541_c2,nan,1.0
OROTATE_REDUCTASE_NADH_RXN_p2,nan,1.0
arachidate_biosynthesis_p1,nan,1.0
arachidate_biosynthesis_p2,nan,1.0
OROTATE_REDUCTASE_NADH_RXN_p1,nan,1.0
ATP_CITRATE_PRO_S_LYASE_RXN_c2,0.1116244277304682,0.858171064350838
GPH_RXN_p2,nan,1.0
ASPAMINOTRANS_RXN_x2,nan,1.0
ATP_CITRATE_PRO_S_LYASE_RXN_c1,-0.8867517946677191,0.044963736632220225
TRIOSEPISOMERIZATION_RXN_p1,-0.9752235974971232,0.004664129313364406
TRIOSEPISOMERIZATION_RXN_p2,nan,1.0
RXN_7984_p1,nan,1.0
RXN_7984_p2,nan,1.0
RXN0_5330_NAD_mc2,nan,1.0
SUCROSE_PHOSPHATASE_RXN_c1,-0.8202413756452673,0.08898097914782328
SUCROSE_PHOSPHATASE_RXN_c2,-0.8762746464928997,0.051261724310153134
RXN0_5330_NAD_mc1,-0.269213065878119,0.6614139461453915
RXN_9623_p1,nan,1.0
Palmitate_biomass1,nan,1.0
Palmitate_biomass2,nan,1.0
2_PERIOD_7_PERIOD_7_PERIOD_44_RXN_c2,nan,1.0
Mg_tx2,nan,1.0
Mg_tx1,nan,1.0
2_PERIOD_7_PERIOD_7_PERIOD_44_RXN_c1,nan,1.0
TRP_pc1,nan,1.0
TRP_pc2,nan,1.0
MAL_PROTON_vc1,nan,1.0
Ca_ec2,nan,1.0
Ca_ec1,nan,1.0
MAL_PROTON_vc2,nan,1.0
HIS_v_dielTransfer,nan,1.0
LEU_PROTON_vc1,nan,1.0
LEU_PROTON_vc2,nan,1.0
Glycolate_xc1,nan,1.0
Glycolate_xc2,nan,1.0
FUMHYDR_RXN_c2,nan,1.0
ARG_v_dielTransfer,nan,1.0
MYO_INOSITOL_1OR_4_MONOPHOSPHATASE_RXN_c1,nan,1.0
MYO_INOSITOL_1OR_4_MONOPHOSPHATASE_RXN_c2,nan,1.0
OAA_ISOCITRATE_mc2,nan,1.0
2_PERIOD_5_PERIOD_1_PERIOD_19_RXN_p1,-0.6424850441156631,0.24237667044461378
2_PERIOD_5_PERIOD_1_PERIOD_19_RXN_p2,nan,1.0
VALINE_TRNA_LIGASE_RXN_c2,-0.5808019976108829,0.30448498655152767
VALINE_TRNA_LIGASE_RXN_c1,-0.43362765729908986,0.46571480823734007
Pi_tx2,nan,1.0
GLY_mc1,nan,1.0
GLY_mc2,nan,1.0
Pi_tx1,nan,1.0
F16ALDOLASE_RXN_c1,0.7433368122624952,0.14993697566765374
F16ALDOLASE_RXN_c2,-0.8133280548999,0.09405931715501194
TRP_v_dielTransfer,nan,1.0
SER_pc1,nan,1.0
SER_pc2,nan,1.0
RXN_13161_m1,nan,1.0
RXN_13161_m2,nan,1.0
MALATE_DEHYDROGENASE_NADP_RXN_p1,nan,1.0
LYSINE_TRNA_LIGASE_RXN_c2,nan,1.0
MANNPISOM_RXN_c2,nan,1.0
MANNPISOM_RXN_c1,nan,1.0
LYSINE_TRNA_LIGASE_RXN_c1,nan,1.0
3_HYDROXYPROPIONATE_DEHYDROGENASE_RXN_m1,nan,1.0
HISTCYCLOHYD_RXN_p2,nan,1.0
HISTCYCLOHYD_RXN_p1,-0.39459080434847393,0.5109518861880017
RXN_9523_p2,nan,1.0
CPD_14927_xc2,nan,1.0
CPD_14927_xc1,nan,1.0
GLUTATHIONE_PEROXIDASE_RXN_p1,nan,1.0
PROTON_ATPase_c1,nan,1.0
PROTON_ATPase_c2,nan,1.0
FRUCTOKINASE_RXN_c2,nan,1.0
ACETOLACTREDUCTOISOM_RXN_p2,0.27946620596889366,0.6488601786171813
ACETOLACTREDUCTOISOM_RXN_p1,-0.7055106066528254,0.1831287953183609
FRUCTOKINASE_RXN_c1,nan,1.0
INORGPYROPHOSPHAT_RXN_x1,0.417964465502633,0.4837593372043787
INORGPYROPHOSPHAT_RXN_x2,0.33688365395693437,0.5793237778829259
CDPKIN_RXN_p1,nan,1.0
CDPKIN_RXN_p2,nan,1.0
CYS_mc1,nan,1.0
CYS_mc2,nan,1.0
RXN_9539_p2,-0.3555484352068734,0.5570291927623222
RXN_9539_p1,nan,1.0
1_PERIOD_8_PERIOD_5_PERIOD_1_RXN_p1,nan,1.0
1_PERIOD_8_PERIOD_5_PERIOD_1_RXN_p2,nan,1.0
WATER_vc2,nan,1.0
WATER_vc1,nan,1.0
6PGLUCONOLACT_RXN_c1,nan,1.0
6PGLUCONOLACT_RXN_c2,nan,1.0
PRPPSYN_RXN_p2,0.3128125474731692,0.6083090150201098
PRPPSYN_RXN_p1,-0.7706160344608856,0.12724484009638903
MET_pc1,nan,1.0
MET_pc2,nan,1.0
RXN_1827_p2,0.11603529093418387,0.8525914866412725
RXN_1827_p1,0.035792414876321114,0.9544374142749655
TYROSINE_TRNA_LIGASE_RXN_c2,nan,1.0
TYROSINE_TRNA_LIGASE_RXN_c1,nan,1.0
SUCCINATE_SEMIALDEHYDE_DEHYDROGENASE_RXN_m1,nan,1.0
SUCCINATE_SEMIALDEHYDE_DEHYDROGENASE_RXN_m2,nan,1.0
THREONINE_ALDOLASE_RXN_c1,nan,1.0
THREONINE_ALDOLASE_RXN_c2,nan,1.0
CYS_PROTON_rev_vc1,nan,1.0
PHENYLALANINE_TRNA_LIGASE_RXN_c2,nan,1.0
PHENYLALANINE_TRNA_LIGASE_RXN_c1,nan,1.0
TRP_TRNA_LIGASE_RXN_c1,nan,1.0
sGLY_biomass2,nan,1.0
RXN1G_320_p2,nan,1.0
RXN1G_320_p1,nan,1.0
ISOCITDEH_RXN_m2,nan,1.0
ISOCITDEH_RXN_m1,-0.7127773111800847,0.17660542369782573
CYS_PROTON_rev_vc2,nan,1.0
HOMO_CYS_pc1,nan,1.0
HOMO_CYS_pc2,nan,1.0
ATPase_tx1,nan,1.0
ATPase_tx2,nan,1.0
pLEU_biomass2,nan,1.0
pLEU_biomass1,nan,1.0
ARGINASE_RXN_m2,nan,1.0
ARGINASE_RXN_m1,nan,1.0
FERRIC_CHELATE_REDUCTASE_RXN_c1,nan,1.0
FERRIC_CHELATE_REDUCTASE_RXN_c2,nan,1.0
CDPDIGLYSYN_RXN_m2,nan,1.0
CDPDIGLYSYN_RXN_m1,nan,1.0
TIGLYLCOA_HYDROXY_RXN_m2,nan,1.0
TIGLYLCOA_HYDROXY_RXN_m1,nan,1.0
CYSTEINE_AMINOTRANSFERASE_RXN_m2,nan,1.0
ILE_PROTON_vc2,nan,1.0
ILE_PROTON_vc1,nan,1.0
CYSTEINE_AMINOTRANSFERASE_RXN_m1,nan,1.0
PLASTOQUINOL_PLASTOCYANIN_REDUCTASE_RXN_p1,-0.9922452219142356,0.0008188080346726743
PLASTOQUINOL_PLASTOCYANIN_REDUCTASE_RXN_p2,-0.5577609761361488,0.32860280448747264
K_biomass2,nan,1.0
HISTOLDEHYD_RXN_p1,nan,1.0
K_biomass1,nan,1.0
L_CITRULLINE_pc1,nan,1.0
RXN_7800_p2,nan,1.0
RXN_7800_p1,nan,1.0
5_METHYL_THF_pc2,nan,1.0
5_METHYL_THF_pc1,nan,1.0
ADENYL_KIN_RXN_c2,0.39817768847915375,0.5067590307234041
NADPHoxm_tx2,nan,1.0
ADENYL_KIN_RXN_c1,-0.8264726984595271,0.08447833500624209
L_CITRULLINE_pc2,nan,1.0
NITRATE_PROTON_rev_vc1,nan,1.0
NITRATE_PROTON_rev_vc2,nan,1.0
OAA_SO4_mc1,nan,1.0
OAA_SO4_mc2,nan,1.0
THRESYN_RXN_p2,-0.28670171586883486,0.640024501693636
THRESYN_RXN_p1,-0.6140029401312903,0.27058847400792446
CA2_rev_vc1,nan,1.0
PROTONATP_rev_vc1,nan,1.0
PROTONATP_rev_vc2,nan,1.0
CA2_rev_vc2,nan,1.0
DTMPKI_RXN_c1,nan,1.0
DTMPKI_RXN_c2,nan,1.0
RXN_1841_v2,nan,1.0
6PGLUCONOLACT_RXN_p2,-0.4561959286042167,0.4399814922625801
CIT_PROTON_vc2,nan,1.0
CIT_PROTON_vc1,nan,1.0
DTDPKIN_RXN_c1,nan,1.0
DTDPKIN_RXN_c2,nan,1.0
MAL_xc1,nan,1.0
Octadecatrienoyl_ACP_hydrolase_p2,nan,1.0
Octadecatrienoyl_ACP_hydrolase_p1,nan,1.0
MAL_xc2,nan,1.0
DIHYDRODIPICSYN_RXN_p1,-0.4850644359139419,0.4075519449014264
DIHYDRODIPICSYN_RXN_p2,nan,1.0
OAA_ACONITATE_mc1,nan,1.0
OAA_ACONITATE_mc2,nan,1.0
PRO_PROTON_rev_vc2,nan,1.0
VAL_pc1,nan,1.0
SUCCINATE_COA_LIGASE_GDP_FORMING_RXN_m2,nan,1.0
SUCCINATE_COA_LIGASE_GDP_FORMING_RXN_m1,nan,1.0
MAL_Pi_mc2,nan,1.0
MAL_Pi_mc1,nan,1.0
3PGA_Pi_pc1,nan,1.0
HISTALDEHYD_RXN_p1,nan,1.0
HISTALDEHYD_RXN_p2,nan,1.0
sASN_biomass1,nan,1.0
RXN_1224_p1,nan,1.0
RXN_1224_p2,nan,1.0
sASN_biomass2,nan,1.0
2_PERIOD_7_PERIOD_7_PERIOD_34_RXN_c1,nan,1.0
RXN1G_368_p2,nan,1.0
RXN1G_368_p1,nan,1.0
2PGADEHYDRAT_RXN_c2,-0.5556433299267891,0.33084262866071495
2PGADEHYDRAT_RXN_c1,nan,1.0
2_PERIOD_7_PERIOD_7_PERIOD_34_RXN_c2,nan,1.0
RXN1G_395_p2,nan,1.0
PGLUCISOM_RXN_c2,-0.7134907111204581,0.17596865992351637
PRO_TRNA_LIGASE_RXN_c1,nan,1.0
PRO_TRNA_LIGASE_RXN_c2,nan,1.0
PGLUCISOM_RXN_c1,0.7563959842348995,0.13893683817619842
GLYCOLLATE_pc2,nan,1.0
GLYCOLLATE_pc1,nan,1.0
sTRP_biomass1,nan,1.0
sTRP_biomass2,nan,1.0
HEXOKINASE_RXN_MANNOSE_c2,nan,1.0
HEXOKINASE_RXN_MANNOSE_c1,nan,1.0
Mehler_Reaction_p1,nan,1.0
Mehler_Reaction_p2,nan,1.0
sGLY_biomass1,nan,1.0
TRP_TRNA_LIGASE_RXN_c2,nan,1.0
RXN_9514_p2,nan,1.0
RXN_9514_p1,nan,1.0
RXN1G_469_p1,nan,1.0
RXN1G_488_p1,nan,1.0
RXN1G_488_p2,nan,1.0
RXN1G_469_p2,nan,1.0
6PGLUCONOLACT_RXN_p1,nan,1.0
TYR_pc2,nan,1.0
TYR_pc1,nan,1.0
RXN_9104_c2,nan,1.0
DAHPSYN_RXN_p1,-0.8073169622282605,0.09854412531513226
2KG_OAA_mc1,nan,1.0
HIS_CITRULLINE_mc2,nan,1.0
HIS_CITRULLINE_mc1,nan,1.0
PROPIONYL_COA_mc2,nan,1.0
PROPIONYL_COA_mc1,nan,1.0
PROTON_PPi_rev_vc2,nan,1.0
PROTON_PPi_rev_vc1,nan,1.0
GLU6PDEHYDROG_RXN_c1,nan,1.0
GLU6PDEHYDROG_RXN_c2,-0.6805671687544512,0.20602164615035523
MAL_SO4_mc2,nan,1.0
MAL_SO4_mc1,nan,1.0
RXN_7678_NADP_p2,nan,1.0
RXN_7678_NADP_p1,-0.953833991274779,0.011824610576265701
CIT_ACONITATE_mc1,nan,1.0
1_PERIOD_10_PERIOD_2_PERIOD_2_RXN_mi1,-0.5233619253990824,0.36544682825118074
1_PERIOD_10_PERIOD_2_PERIOD_2_RXN_mi2,-0.9097539919613,0.03210020569414506
CIT_ACONITATE_mc2,nan,1.0
ALANINE_AMINOTRANSFERASE_RXN_x2,nan,1.0
ALANINE_AMINOTRANSFERASE_RXN_x1,nan,1.0
L_ALPHA_ALANINE_PROTON_rev_vc1,nan,1.0
L_ALPHA_ALANINE_PROTON_rev_vc2,nan,1.0
GAP_3PGA_pc2,nan,1.0
GAP_3PGA_pc1,nan,1.0
RXN0_5330_NADP_c1,nan,1.0
CELLULOSE_SYNTHASE_UDP_FORMING_RXN_c2,nan,1.0
CELLULOSE_SYNTHASE_UDP_FORMING_RXN_c1,nan,1.0
RXN_9663_p2,-0.38857644284407217,0.517998067858912
Ca_tx2,nan,1.0
Ca_tx1,nan,1.0
RXN0_5114_p1,nan,1.0
PRAISOM_RXN_p2,nan,1.0
PRAISOM_RXN_p1,0.4218474637312642,0.47927233894892246
RXN0_5114_p2,-0.4422704535782664,0.4558219470233123
PYRROLINECARBDEHYDROG_RXN_NADP_m2,0.8375464578209859,0.07665687376239716
PYRROLINECARBDEHYDROG_RXN_NADP_m1,nan,1.0
RXN_14903_mi1,-0.34910757705815565,0.5647040703034539
A_B_oxidation_x1,nan,1.0
unlProtHYPO_c2,nan,1.0
A_B_oxidation_x2,nan,1.0
F16BDEPHOS_RXN_c2,nan,1.0
L_ASPARTATE_PROTON_vc2,nan,1.0
L_ASPARTATE_PROTON_vc1,nan,1.0
unlProtHYPO_c1,nan,1.0
RXN_9634_p1,nan,1.0
RXN_9634_p2,nan,1.0
ACETOLACTSYN_RXN_p2,-0.2738134388201519,0.6557766092975288
2TRANSKETO_RXN_p2,nan,1.0
GLUTARYL_COA_DEHYDROG_RXN_m1,nan,1.0
GLUTARYL_COA_DEHYDROG_RXN_m2,nan,1.0
1_PERIOD_18_PERIOD_1_PERIOD_2_RXN_p2,-0.5694813960271549,0.3162761406605797
1_PERIOD_18_PERIOD_1_PERIOD_2_RXN_p1,-0.9977792274047222,0.00012558716838736368
MAL_CIT_mc1,nan,1.0
RXN_2141_p2,nan,1.0
RXN_2141_p1,nan,1.0
SULFITE_REDUCTASE_FERREDOXIN_RXN_p2,nan,1.0
RXN_6883_mc2,nan,1.0
RXN_6883_mc1,nan,1.0
O2_pc1,nan,1.0
O2_pc2,nan,1.0
ACETOOHBUTREDUCTOISOM_RXN_p2,nan,1.0
PHOSPHOGLUCMUT_RXN_p2,-0.9282431743639402,0.02282433327200406
PHOSPHOGLUCMUT_RXN_p1,0.9181988168054969,0.027737758099385126
ACETOOHBUTREDUCTOISOM_RXN_p1,nan,1.0
GLY3KIN_RXN_p1,nan,1.0
GLY3KIN_RXN_p2,nan,1.0
ACETALD_mc2,nan,1.0
ACETALD_mc1,nan,1.0
ETHANOLAMINEPHOSPHOTRANSFERASE_RXN_r1,nan,1.0
ETHANOLAMINEPHOSPHOTRANSFERASE_RXN_r2,nan,1.0
CITSYN_RXN_m1,nan,1.0
CITSYN_RXN_m2,0.07034680972690537,0.910505589024198
NH3_mc2,nan,1.0
RXN_9660_p2,-0.3885764428440722,0.5179980678589119
RXN_9635_p2,0.3879248539420815,0.5187626153861744
GLYCINE_AMINOTRANSFERASE_RXN_x2,-0.5097530016910782,0.380283262233761
ETHANOLAMINE_KINASE_RXN_c1,nan,1.0
ETHANOLAMINE_KINASE_RXN_c2,nan,1.0
3_PERIOD_1_PERIOD_2_PERIOD_14_RXN_p2,0.46304362132347243,0.43223825420008405
sPRO_biomass1,nan,1.0
sPRO_biomass2,nan,1.0
RXN_8991_p1,-0.8193623705985175,0.08962187660304775
RXN_8991_p2,0.6571168877510055,0.22821642399880654
BHBDCLOS_RXN_x2,nan,1.0
BHBDCLOS_RXN_x1,nan,1.0
NADH_KINASE_RXN_c1,-0.11950446779833415,0.8482051346663559
NADH_KINASE_RXN_c2,nan,1.0
RXN0_5330_NAD_c1,nan,1.0
RXN0_5330_NAD_c2,nan,1.0
LCYSDESULF_RXN_c1,nan,1.0
SO4_ec1,nan,1.0
SO4_ec2,nan,1.0
LCYSDESULF_RXN_c2,nan,1.0
GLYCEROL_3P_mc2,nan,1.0
GLYCEROL_3P_mc1,nan,1.0
MAL_CIT_mc2,nan,1.0
pHIS_biomass2,nan,1.0
METHYLGLUTACONYL_COA_HYDRATASE_RXN_m1,nan,1.0
METHYLGLUTACONYL_COA_HYDRATASE_RXN_m2,nan,1.0
OAA_Pi_mc2,nan,1.0
OAA_Pi_mc1,nan,1.0
CPD_14927_pc2,nan,1.0
Protein_Translocation_c2,nan,1.0
Protein_Translocation_c1,nan,1.0
CPD_14927_pc1,nan,1.0
GLYOHMETRANS_RXN_m2,0.8784572569028773,0.04992831121581137
GLYOHMETRANS_RXN_m1,0.4912126827843668,0.4007197833126236
2PGADEHYDRAT_RXN_p2,nan,1.0
pPHE_biomass2,nan,1.0
pPHE_biomass1,nan,1.0
2PGADEHYDRAT_RXN_p1,nan,1.0
LYS_v_dielTransfer,nan,1.0
RXN_9533_p1,nan,1.0
RXN_9533_p2,nan,1.0
palmitoyl_ACP_desaturase_p1,nan,1.0
palmitoyl_ACP_desaturase_p2,nan,1.0
6PGLUCONDEHYDROG_RXN_p2,nan,1.0
6PGLUCONDEHYDROG_RXN_p1,nan,1.0
4_PERIOD_2_PERIOD_1_PERIOD_61_RXN_p2,nan,1.0
4_PERIOD_2_PERIOD_1_PERIOD_61_RXN_p1,nan,1.0
PYRUVDEH_RXN_m1,nan,1.0
PYRUVDEH_RXN_m2,nan,1.0
GLC_PROTON_rev_vc1,nan,1.0
PHOSPHATIDATE_PHOSPHATASE_RXN_p2,nan,1.0
PHOSPHATIDATE_PHOSPHATASE_RXN_p1,nan,1.0
GLC_PROTON_rev_vc2,nan,1.0
BRANCHED_CHAINAMINOTRANSFERVAL_RXN_p2,0.17089457001759129,0.7834740806003534
BRANCHED_CHAINAMINOTRANSFERVAL_RXN_p1,0.4212130361792769,0.4800048438296007
sVAL_biomass1,nan,1.0
sVAL_biomass2,nan,1.0
3_HYDROXY_PROPIONATE_xc1,nan,1.0
2_KETOGLUTARATE_xc1,nan,1.0
2_KETOGLUTARATE_xc2,nan,1.0
3_HYDROXY_PROPIONATE_xc2,nan,1.0
X5P_Pi_pc1,nan,1.0
X5P_Pi_pc2,nan,1.0
THF_pc1,nan,1.0
THF_pc2,nan,1.0
NITRITE_pc1,nan,1.0
NITRITE_pc2,nan,1.0
ACET_mc2,nan,1.0
MALIC_NADP_RXN_p2,-0.39072138917747595,0.5154828891959994
MALIC_NADP_RXN_p1,nan,1.0
ACET_mc1,nan,1.0
L_ASPARTATE_GLU_mc1,nan,1.0
RXN_9537_p1,nan,1.0
L_ASPARTATE_GLU_mc2,nan,1.0
RXN_9532_p2,nan,1.0
RXN_9532_p1,nan,1.0
RXN_9536_p2,nan,1.0
RXN_9536_p1,nan,1.0
L_ALPHA_ALANINE_PROTON_vc2,nan,1.0
RXN_5642_c1,nan,1.0
L_ASCORBATE_PEROXIDASE_RXN_p2,nan,1.0
L_ASCORBATE_PEROXIDASE_RXN_p1,nan,1.0
RXN_5642_c2,nan,1.0
2_METHYLACYL_COA_DEHYDROGENASE_RXN_m1,nan,1.0
2_METHYLACYL_COA_DEHYDROGENASE_RXN_m2,nan,1.0
GLUTATHIONE_REDUCT_NADPH_RXN_m1,-0.3161419344407396,0.6042849812081426
GLUTATHIONE_REDUCT_NADPH_RXN_m2,nan,1.0
GLN_PROTON_rev_vc2,nan,1.0
GLN_PROTON_rev_vc1,nan,1.0
4_PERIOD_2_PERIOD_1_PERIOD_59_RXN_p1,nan,1.0
4_PERIOD_2_PERIOD_1_PERIOD_59_RXN_p2,nan,1.0
GLUTAMATE_SYNTHASE_NADH_RXN_p2,nan,1.0
GLUTAMATE_SYNTHASE_NADH_RXN_p1,nan,1.0
THREONINE_TRNA_LIGASE_RXN_c2,nan,1.0
THREONINE_TRNA_LIGASE_RXN_c1,nan,1.0
1_PERIOD_5_PERIOD_1_PERIOD_20_RXN_c1,-0.9666477575974938,0.007275062234191444
1_PERIOD_5_PERIOD_1_PERIOD_20_RXN_c2,nan,1.0
4_HYDROXYPHENYLPYRUVATE_DIOXYGENASE_RXN_c2,nan,1.0
L_ASPARTATE_pc2,nan,1.0
L_ASPARTATE_pc1,nan,1.0
4_HYDROXYPHENYLPYRUVATE_DIOXYGENASE_RXN_c1,nan,1.0
GLUTSEMIALDEHYDROG_RXN_c1,-0.4414542986885732,0.4567541602084113
GLUTSEMIALDEHYDROG_RXN_c2,nan,1.0
1_PERIOD_8_PERIOD_4_PERIOD_9_RXN_p1,nan,1.0
1_PERIOD_8_PERIOD_4_PERIOD_9_RXN_p2,nan,1.0
RXN_1223_p1,0.31070551930874785,0.610858060901665
RXN_1223_p2,nan,1.0
METHIONINE_TRNA_LIGASE_RXN_c2,nan,1.0
2_METHYL_3_HYDROXY_BUTYRYL_COA_mc2,nan,1.0
2_METHYL_3_HYDROXY_BUTYRYL_COA_mc1,nan,1.0
METHIONINE_TRNA_LIGASE_RXN_c1,nan,1.0
PHE_pc2,nan,1.0
PHE_pc1,nan,1.0
L_ASPARTATE_PROTON_rev_vc1,nan,1.0
L_ASPARTATE_PROTON_rev_vc2,nan,1.0
SPONTPRO_RXN_m1,nan,1.0
SPONTPRO_RXN_m2,nan,1.0
2_PERIOD_1_PERIOD_1_PERIOD_103_RXN_c2,nan,1.0
2_PERIOD_1_PERIOD_1_PERIOD_103_RXN_c1,nan,1.0
3_HYDROXYPROPIONATE_DEHYDROGENASE_RXN_m2,nan,1.0
MALATE_DEHYDROGENASE_NADP_RXN_p2,nan,1.0
LEU_pc1,nan,1.0
LEU_pc2,nan,1.0
ACONITATEDEHYDR_RXN_m2,-0.3674252301807788,0.5429298894961443
ACONITATEDEHYDR_RXN_m1,nan,1.0
GLC_vc1,nan,1.0
GLC_vc2,nan,1.0
PGPPHOSPHA_RXN_m2,nan,1.0
PGPPHOSPHA_RXN_m1,nan,1.0
CITSYN_RXN_x2,0.3692719942627062,0.5407438471994012
ASNSYNA_RXN_c2,nan,1.0
GLUTATHIONE_PEROXIDASE_RXN_p2,nan,1.0
CYS_v_dielTransfer,nan,1.0
NH4_vc2,nan,1.0
RXN_14903_mi2,nan,1.0
SUCCINATE_DEHYDROGENASE_UBIQUINONE_RXN_mi2,-0.9264957848446203,0.023656746728427998
SUCCINATE_DEHYDROGENASE_UBIQUINONE_RXN_mi1,nan,1.0
GABATRANSAM_RXN_m2,nan,1.0
GLUTAMATE_N_ACETYLTRANSFERASE_RXN_p1,-0.04148340103677558,0.9471968461917923
GLUTAMATE_N_ACETYLTRANSFERASE_RXN_p2,-0.1812095944375369,0.7705457786613299
GABATRANSAM_RXN_m1,nan,1.0
Sucrose_tx1,nan,1.0
Sucrose_tx2,nan,1.0
F16ALDOLASE_RXN_p1,0.7492817943819697,0.144898835254319
F16ALDOLASE_RXN_p2,0.9662046434867225,0.0074200274998196866
2_KETO_ADIPATE_DEHYDROG_RXN_m2,nan,1.0
HOMOCYSMETB12_RXN_c2,nan,1.0
MG2_rev_vc1,nan,1.0
MG2_rev_vc2,nan,1.0
Pi_ec2,nan,1.0
GLUTKIN_RXN_c2,nan,1.0
GLUTKIN_RXN_c1,-0.44145429868857305,0.45675416020841136
PHOSPHORYL_ETHANOLAMINE_mc1,nan,1.0
PHOSPHORYL_ETHANOLAMINE_mc2,nan,1.0
NADPH_Dehydrogenase_p2,nan,1.0
NADPH_Dehydrogenase_p1,nan,1.0
RXN_14351_pc1,nan,1.0
RXN_14351_pc2,-0.5196701058888415,0.36945754582418916
sSUC_biomass2,nan,1.0
Nitrate_ec1,nan,1.0
sSUC_biomass1,nan,1.0
RXN1G_349_p1,nan,1.0
GLUTAMATE_DEHYDROGENASE_RXN_m1,nan,1.0
GLUTAMATE_DEHYDROGENASE_RXN_m2,0.8417795963840841,0.07372965718432369
SUCROSE_v_dielTransfer,nan,1.0
GLUTACONYL_COA_xc1,nan,1.0
SERINE_TRNA_LIGASE_RXN_c1,nan,1.0
SERINE_TRNA_LIGASE_RXN_c2,nan,1.0
GLYCEROL_3P_pc2,nan,1.0
GLYCEROL_3P_pc1,nan,1.0
CYS_PROTON_vc2,nan,1.0
CYS_PROTON_vc1,nan,1.0
NADH_DEHYDROG_A_RXN_mc1,nan,1.0
NADH_DEHYDROG_A_RXN_mc2,nan,1.0
GLURS_RXN_c1,nan,1.0
GLURS_RXN_c2,nan,1.0
SER_PROTON_rev_vc2,nan,1.0
SER_PROTON_rev_vc1,nan,1.0
Pi_xc2,nan,1.0
Pi_xc1,nan,1.0
OAA_SUC_mc1,nan,1.0
OAA_SUC_mc2,nan,1.0
1_PERIOD_1_PERIOD_1_PERIOD_255_RXN_c2,nan,1.0
1_PERIOD_1_PERIOD_1_PERIOD_255_RXN_c1,nan,1.0
GLN_GLU_pc1,nan,1.0
GLN_GLU_pc2,nan,1.0
K_rev_vc1,nan,1.0
TRANSALDOL_RXN_p2,-0.965786957433018,0.0075575320145743734
TRANSALDOL_RXN_p1,nan,1.0
VAL_pc2,nan,1.0
PRO_PROTON_rev_vc1,nan,1.0
FUM_pc2,nan,1.0
FUM_pc1,nan,1.0
HISTPRATPHYD_RXN_p1,-0.39459080434847377,0.5109518861880019
HISTPRATPHYD_RXN_p2,nan,1.0
1_PERIOD_8_PERIOD_5_PERIOD_1_RXN_m2,nan,1.0
3_HYDROXY_PROPIONATE_mc1,nan,1.0
3_HYDROXY_PROPIONATE_mc2,nan,1.0
1_PERIOD_8_PERIOD_5_PERIOD_1_RXN_m1,0.4059002896446285,0.4977560013174906
ADENYL_KIN_RXN_p2,-0.6110590937600606,0.2735512401219971
ADENYL_KIN_RXN_p1,-0.999003352730666,3.776427424304126e-05
MET_v_dielTransfer,nan,1.0
MALATE_DEH_RXN_c1,-0.6595309964237249,0.22590271590543218
MALATE_DEH_RXN_c2,0.6947546388098894,0.19290696500667473
2KG_OAA_mc2,nan,1.0
RXN66_3_c2,nan,1.0
RXN66_3_c1,-0.5989540995448369,0.2858228471494231
MALATE_DEH_RXN_m2,-0.6940622107280976,0.1935413669410093
MALATE_DEH_RXN_m1,0.6818914323051177,0.2047872996030183
2_PERIOD_7_PERIOD_7_PERIOD_13_RXN_c2,nan,1.0
ASN_PROTON_rev_vc2,nan,1.0
ASN_PROTON_rev_vc1,nan,1.0
2_PERIOD_7_PERIOD_7_PERIOD_13_RXN_c1,nan,1.0
RXN_7703_c2,nan,1.0
RXN_7703_c1,nan,1.0
RXN66_1_c1,nan,1.0
RXN66_1_c2,nan,1.0
NH3_pc2,nan,1.0
NH3_pc1,nan,1.0
hexadecenoate_biosynthesis_p2,nan,1.0
hexadecenoate_biosynthesis_p1,nan,1.0
palmitoleoyl_ACP_desaturase_p1,nan,1.0
palmitoleoyl_ACP_desaturase_p2,nan,1.0
FRU_PROTON_rev_vc2,nan,1.0
FRU_PROTON_rev_vc1,nan,1.0
CO2_pc2,nan,1.0
CO2_pc1,nan,1.0
H_im2,nan,1.0
H_im1,nan,1.0
ADENOSINE_KINASE_RXN_c1,nan,1.0
ADENOSINE_KINASE_RXN_c2,-0.1580636069038862,0.7995883543398032
NADPHoxm_tx1,nan,1.0
METHYLENETHFDEHYDROG_NADP_RXN_c2,nan,1.0
2_PERIOD_3_PERIOD_1_PERIOD_180_RXN_p1,0.5150623535547117,0.3744781107815594
2_PERIOD_3_PERIOD_1_PERIOD_180_RXN_p2,-0.32060958637928916,0.5988925933716076
SEDOBISALDOL_RXN_p1,nan,1.0
SUC_Pi_mc2,nan,1.0
ANTHRANSYN_RXN_p1,-0.8228903160298194,0.08705814187619715
GLT_PROTON_rev_vc1,nan,1.0
GLT_PROTON_rev_vc2,nan,1.0
GLUC1PURIDYLTRANS_RXN_c1,-0.9444520299160463,0.015584183881050992
GLUC1PURIDYLTRANS_RXN_c2,-0.8766736802739078,0.051017116722347065
ASN_PROTON_vc1,nan,1.0
TRP_PROTON_rev_vc2,nan,1.0
TRP_PROTON_rev_vc1,nan,1.0
ASN_PROTON_vc2,nan,1.0
H2O_ec2,nan,1.0
GAPOXNPHOSPHN_RXN_c2,-0.7359265043239721,0.15628683742555555
SERINE_O_ACETTRAN_RXN_c2,-0.6880060668952157,0.1991149606022251
SERINE_O_ACETTRAN_RXN_c1,0.8029835561037292,0.10181635183415484
PREPHENATE_DEHYDROGENASE_NADP_RXN_p1,nan,1.0
PREPHENATE_DEHYDROGENASE_NADP_RXN_p2,nan,1.0
MALTODEXGLUCOSID_RXN_p2,nan,1.0
MALTODEXGLUCOSID_RXN_p1,nan,1.0
MAL_ACONITATE_mc2,nan,1.0
MAL_ACONITATE_mc1,nan,1.0
RIBULP3EPIM_RXN_c1,nan,1.0
RIBULP3EPIM_RXN_c2,-0.5583318585216255,0.3279996406790354
THYMIDYLATESYN_RXN_m2,nan,1.0
THYMIDYLATESYN_RXN_m1,nan,1.0
RXN0_2381_p2,nan,1.0
2KG_MAL_mc1,nan,1.0
RXN0_2381_p1,-0.5566333045505865,0.3297950610316491
2KG_MAL_mc2,nan,1.0
2_ISOPROPYLMALATESYN_RXN_p2,0.44161948892281927,0.4565654459948119
2_ISOPROPYLMALATESYN_RXN_p1,-0.6034862727928628,0.28121171231793024
DADPKIN_RXN_p1,nan,1.0
DADPKIN_RXN_p2,nan,1.0
H2O_tx2,nan,1.0
H2O_tx1,nan,1.0
pCYS_biomass1,nan,1.0
G6P_Pi_pc2,nan,1.0
G6P_Pi_pc1,nan,1.0
pCYS_biomass2,nan,1.0
AMPSYN_RXN_p1,-0.21512040921073466,0.7282276343034129
AMPSYN_RXN_p2,0.04539176610954799,0.942225261304852
GDPKIN_RXN_c1,nan,1.0
GDPKIN_RXN_c2,nan,1.0
NH3_mc1,nan,1.0
2KG_CIT_mc2,nan,1.0
3_DEHYDROQUINATE_DEHYDRATASE_RXN_p2,nan,1.0
3_DEHYDROQUINATE_DEHYDRATASE_RXN_p1,-0.3430049421457758,0.5719940855669077
AraCore_Biomass_tx2,nan,1.0
AraCore_Biomass_tx1,nan,1.0
THIOREDOXIN_REDUCT_NADPH_RXN_p2,nan,1.0
THIOREDOXIN_REDUCT_NADPH_RXN_p1,nan,1.0
ARG_HIS_mc2,nan,1.0
ARG_HIS_mc1,nan,1.0
RXN_969_x1,nan,1.0
RXN_969_x2,nan,1.0
1_PERIOD_2_PERIOD_1_PERIOD_13_RXN_p1,-0.9018029727053835,0.03638972561723759
1_PERIOD_2_PERIOD_1_PERIOD_13_RXN_p2,nan,1.0
RXN0_5224_m1,nan,1.0
RXN0_5224_m2,nan,1.0
PEP_Pi_pc1,nan,1.0
RXN_5641_c1,nan,1.0
RXN_5641_c2,nan,1.0
PEP_Pi_pc2,nan,1.0
NITRATE_REDUCTASE_NADH_RXN_c2,nan,1.0
RXN_1826_p1,nan,1.0
RXN_1826_p2,nan,1.0
NITRATE_REDUCTASE_NADH_RXN_c1,-0.884065904643503,0.04655328540580388
L_ASPARTATE_v_dielTransfer,nan,1.0
CYS_TRNA_LIGASE_RXN_c2,nan,1.0
pILE_biomass1,nan,1.0
pILE_biomass2,nan,1.0
CYS_TRNA_LIGASE_RXN_c1,nan,1.0
DHAP_Pi_pc1,nan,1.0
DHAP_Pi_pc2,nan,1.0
L_ASPARTATE_xc2,nan,1.0
L_ASPARTATE_xc1,nan,1.0
PRO_PROTON_vc1,nan,1.0
PRO_PROTON_vc2,nan,1.0
RIBULOSE_BISPHOSPHATE_CARBOXYLASE_RXN_p1,-0.30702363219824647,0.6153167708478697
ATP_AMP_mc2,nan,1.0
sPHE_biomass1,nan,1.0
sPHE_biomass2,nan,1.0
H_xc1,nan,1.0
H_xc2,nan,1.0
PROPIONYL_COA_xc2,nan,1.0
SPONTPRO_RXN_c2,nan,1.0
SPONTPRO_RXN_c1,nan,1.0
O2_mc1,nan,1.0
O2_mc2,nan,1.0
ATP_ADP_mc2,nan,1.0
ATP_ADP_mc1,nan,1.0
SUCCCOASYN_RXN_m1,-0.5731077681602774,0.31248656785229995
MALTODEG_RXN_c2,0.1679575528086801,0.7871595429460734
MALTODEG_RXN_c1,nan,1.0
SUCCCOASYN_RXN_m2,-0.9982184687440939,9.024183885582933e-05
DCDPKIN_RXN_p2,nan,1.0
DCDPKIN_RXN_p1,nan,1.0
MAL_CIT_vc2,nan,1.0
MAL_CIT_vc1,nan,1.0
SERINE_O_ACETTRAN_RXN_p2,0.6880060668952157,0.1991149606022251
SERINE_O_ACETTRAN_RXN_p1,0.8029835561044386,0.10181635183361651
6PFRUCTPHOS_RXN_p2,0.34131651942922914,0.5740140950138269
HISTOLDEHYD_RXN_p2,nan,1.0
6PFRUCTPHOS_RXN_p1,-0.03963750865376192,0.9495451749705722
ISOCITDEH_RXN_c1,-0.2273267403557153,0.7130712268004615
GLYRIBONUCSYN_RXN_p1,0.2621902650451164,0.6700342263869311
GLYRIBONUCSYN_RXN_p2,-0.07463702707157378,0.9050574906391267
ISOCITDEH_RXN_c2,-0.7915096693424033,0.11063476881268522
PEPCARBOX_RXN_c2,nan,1.0
PEPCARBOX_RXN_c1,-0.7939301429198374,0.10875612383533648
ATP_pc2,nan,1.0
SULFITE_OXIDASE_RXN_m1,-0.012356378335003937,0.9842677708265404
SULFITE_OXIDASE_RXN_m2,nan,1.0
IGPSYN_RXN_p2,nan,1.0
IGPSYN_RXN_p1,-0.7470206726509699,0.14680909753242113
MALATE_DEH_RXN_x1,-0.6828919713002386,0.2038560769032917
MALATE_DEH_RXN_x2,0.4269845019195779,0.4733499764759405
ISOLEUCINE_TRNA_LIGASE_RXN_c1,nan,1.0
ISOLEUCINE_TRNA_LIGASE_RXN_c2,nan,1.0
HISTIDINE_TRNA_LIGASE_RXN_c1,nan,1.0
2_PERIOD_4_PERIOD_1_PERIOD_111_RXN_c1,nan,1.0
pGLN_biomass2,nan,1.0
pGLN_biomass1,nan,1.0
CYTOCHROME_C_OXIDASE_RXN_mi2,-0.9436878193039734,0.01590503305984804
CYTOCHROME_C_OXIDASE_RXN_mi1,-0.5796925899646118,0.30563541735804656
HOMOSERDEHYDROG_RXN_NAD_p2,nan,1.0
HOMOSERDEHYDROG_RXN_NAD_p1,nan,1.0
RXN490_3650_p2,nan,1.0
FORMYLTHFDEFORMYL_RXN_p2,-0.3271635320459432,0.590997683863679
FORMYLTHFDEFORMYL_RXN_p1,nan,1.0
GLUCOKIN_RXN_c1,nan,1.0
GLUCOKIN_RXN_c2,nan,1.0
OAA_ISOCITRATE_mc1,nan,1.0
RIB5PISOM_RXN_p2,0.9060379773508912,0.034083540656553724
OROTPDECARB_RXN_p2,nan,1.0
MAL_SUC_mc2,nan,1.0
OROPRIBTRANS_RXN_p1,nan,1.0
OROPRIBTRANS_RXN_p2,nan,1.0
MAL_SUC_mc1,nan,1.0
RXN_3521_p2,nan,1.0
CONIFERIN_BETA_GLUCOSIDASE_RXN_c2,nan,1.0
CONIFERIN_BETA_GLUCOSIDASE_RXN_c1,nan,1.0
RXN_9648_p2,nan,1.0
RXN_9523_p1,nan,1.0
ACETATE_COA_LIGASE_RXN_x2,-0.25218118937363554,0.6823494372808926
RXN_9648_p1,nan,1.0
docosanoate_biosynthesis_p1,nan,1.0
docosanoate_biosynthesis_p2,nan,1.0
MANNOSE_6_PHOSPHATE_6_REDUCTASE_RXN_c2,nan,1.0
MANNOSE_6_PHOSPHATE_6_REDUCTASE_RXN_c1,nan,1.0
RXN1G_395_p1,nan,1.0
2_PERIOD_7_PERIOD_7_PERIOD_15_RXN_m2,nan,1.0
2_PERIOD_7_PERIOD_7_PERIOD_15_RXN_m1,nan,1.0
PRIBFAICARPISOM_RXN_p2,nan,1.0
CIT_v_dielTransfer,nan,1.0
GAPOXNPHOSPHN_RXN_p1,0.24754484817140213,0.6880653628241581
GAPOXNPHOSPHN_RXN_p2,0.30525151121216765,0.6174647722727816
CO2_ec2,nan,1.0
CO2_ec1,nan,1.0
sCYS_biomass2,nan,1.0
SUCCINYL_COA_HYDROLASE_RXN_m2,nan,1.0
SUCCINYL_COA_HYDROLASE_RXN_m1,nan,1.0
RXN_9663_p1,0.3139006647665199,0.6069933577819709
RXN0_5330_NADP_c2,nan,1.0
pSER_biomass2,nan,1.0
pSER_biomass1,nan,1.0
RXN_9524_p1,nan,1.0
RXN_9524_p2,nan,1.0
SEDOHEPTULOSE_BISPHOSPHATASE_RXN_p2,nan,1.0
SEDOHEPTULOSE_BISPHOSPHATASE_RXN_p1,-0.8612384972570196,0.060741407850843886
ARG_CITRULLINE_mc2,nan,1.0
ARG_CITRULLINE_mc1,nan,1.0
RXN_9662_p2,-0.3885764428440722,0.5179980678589119
RXN_9662_p1,0.31390066476651995,0.6069933577819709
SAICARSYN_RXN_p2,-0.1753790433047102,0.7778505076429162
PHOSGLYPHOS_RXN_c2,nan,1.0
4_AMINO_BUTYRATE_v_dielTransfer,nan,1.0
RXN0_2382_p2,nan,1.0
ARG_PROTON_vc1,nan,1.0
3_DEHYDROQUINATE_SYNTHASE_RXN_p1,-0.8664244673432692,0.057415009578609115
3_DEHYDROQUINATE_SYNTHASE_RXN_p2,nan,1.0
RXN_9527_p1,nan,1.0
RXN_9527_p2,0.6251114925488992,0.25948638951295483
RXN_7979_p1,nan,1.0
RXN_7979_p2,nan,1.0
Arachidoyl_ACP_desaturase_p2,nan,1.0
AMP_ATP_xc1,nan,1.0
AMP_ATP_xc2,nan,1.0
FRU_vc1,nan,1.0
FRU_vc2,nan,1.0
1_ACYLGLYCEROL_3_P_ACYLTRANSFER_RXN_p1,nan,1.0
1_ACYLGLYCEROL_3_P_ACYLTRANSFER_RXN_p2,nan,1.0
pASN_biomass1,nan,1.0
PYRROLINECARBREDUCT_RXN_NADP_c1,-0.2842761292085891,0.6429843226471409
CHORISMATE_SYNTHASE_RXN_p2,nan,1.0
CHORISMATE_SYNTHASE_RXN_p1,-0.2732388801420945,0.6564802621062776
PYRROLINECARBREDUCT_RXN_NADP_c2,nan,1.0
GDPKIN_RXN_p1,-0.893049599805177,0.041306150729633215
GDPKIN_RXN_p2,0.24056414729906905,0.6966846846533973
RXN1G_363_p1,nan,1.0
SER_xc1,nan,1.0
SER_xc2,nan,1.0
RXN_9661_p2,-0.3885764428440722,0.5179980678589119
RXN_9661_p1,0.31390066476651995,0.6069933577819709
LYS_ORNITHINE_mc2,nan,1.0
DGDPKIN_RXN_p2,nan,1.0
DGDPKIN_RXN_p1,nan,1.0
RXN_5781_r1,nan,1.0
RXN_5781_r2,nan,1.0
SO4_tx1,nan,1.0
SO4_tx2,nan,1.0
PRTRANS_RXN_p2,nan,1.0
PRTRANS_RXN_p1,0.03492093976613321,0.9555463170450851
DIACYLGLYCEROL_pr2,nan,1.0
DIACYLGLYCEROL_pr1,nan,1.0
ARG_PROTON_rev_vc1,nan,1.0
STARCH_p_dielTransfer,nan,1.0
ARG_PROTON_rev_vc2,nan,1.0
RXN1F_66_p1,0.983044086791859,0.0026436744067439236
RXN1F_66_p2,nan,1.0
OAA_MAL_mc1,nan,1.0
OAA_MAL_mc2,nan,1.0
CO2_mc2,nan,1.0
FORMATE_mc1,nan,1.0
FORMATE_mc2,nan,1.0
NADPHoxp_tx2,nan,1.0
CARBOXYCYCLOHEXADIENYL_DEHYDRATASE_RXN_p2,nan,1.0
CARBOXYCYCLOHEXADIENYL_DEHYDRATASE_RXN_p1,-0.46540480667232076,0.4295754737006646
PROPIONYL_COA_xc1,nan,1.0
RXN_7678_NAD_p2,nan,1.0
RXN_7678_NAD_p1,-0.528720624284536,0.3596442383116002
3_HYDROXYISOBUTYRATE_DEHYDROGENASE_RXN_m2,nan,1.0
3_HYDROXYISOBUTYRATE_DEHYDROGENASE_RXN_m1,nan,1.0
Plastidial_ATP_Synthase_p2,nan,1.0
Plastidial_ATP_Synthase_p1,nan,1.0
VAL_mc2,nan,1.0
VAL_mc1,nan,1.0
CO2_xc2,nan,1.0
CO2_xc1,nan,1.0
RXN0_5330_NADP_mi2,nan,1.0
2_PERIOD_7_PERIOD_7_PERIOD_14_RXN_m1,nan,1.0
SERINE_GLYOXYLATE_AMINOTRANSFERASE_RXN_x1,-0.9079989293592018,0.03303218246887139
ATP_pc1,nan,1.0
4_AMINO_BUTYRATE_mc2,nan,1.0
4_AMINO_BUTYRATE_mc1,nan,1.0
DAHPSYN_RXN_p2,nan,1.0
METHYLACETOACETYLCOATHIOL_RXN_m2,nan,1.0
METHYLACETOACETYLCOATHIOL_RXN_m1,nan,1.0
CARBAMATE_KINASE_RXN_p1,nan,1.0
pPRO_biomass2,nan,1.0
pPRO_biomass1,nan,1.0
CARBAMATE_KINASE_RXN_p2,nan,1.0
HIS_PROTON_rev_vc1,nan,1.0
HIS_PROTON_rev_vc2,nan,1.0
2KETO_3METHYLVALERATE_RXN_m1,nan,1.0
Octadecadienoyl_ACP_desaturase_p1,nan,1.0
ATP_ADP_Pi_pc2,nan,1.0
ATP_ADP_Pi_pc1,nan,1.0
Octadecadienoyl_ACP_desaturase_p2,nan,1.0
ORNITHINE_GLU_AMINOTRANSFORASE_RXN_m1,nan,1.0
ILE_PROTON_rev_vc1,nan,1.0
RXN1G_363_p2,nan,1.0
ILE_PROTON_rev_vc2,nan,1.0
GLU6PDEHYDROG_RXN_p2,-0.975753842370067,0.004515568352458374
PSII_RXN_p1,-0.9544289409193643,0.011597820603289701
PSII_RXN_p2,-0.42744385620476727,0.47282116777758276
1_PERIOD_2_PERIOD_1_PERIOD_2_RXN_m1,nan,1.0
ASPAMINOTRANS_RXN_p1,-0.9334274055119879,0.020412306674762504
ASPAMINOTRANS_RXN_p2,-0.47852022055896115,0.41485344300726695
2KETO_3METHYLVALERATE_RXN_m2,-0.2932493246245361,0.6320460373184016
CIT_PROTON_rev_vc1,nan,1.0
CIT_PROTON_rev_vc2,nan,1.0
